tier,query_id,is_relevant,score_0,score_1,score_2
A,A1,False,4,1,0
A,A1,True,0,0,15
A,A2,False,4,1,0
A,A2,True,1,1,11
A,A3,True,0,0,19
A,A4,False,3,0,0
A,A4,True,0,0,17
A,A5,True,0,0,17
B,B1,False,0,1,18
B,B2,False,3,2,9
B,B2,True,0,0,15
B,B3,False,10,0,6
B,B3,True,0,1,5
B,B4,False,2,3,3
B,B4,True,1,5,11
B,B5,False,0,1,0
B,B5,True,1,0,16
B,B6,False,0,0,1
B,B6,True,2,0,15
B,B7,False,9,1,3
B,B7,True,1,0,4
C,C1,False,1,6,5
C,C1,True,0,0,7
C,C2,False,1,8,1
C,C2,True,0,2,7
C,C3,False,5,11,2
C,C3,True,0,0,1
C,C4,False,17,2,0
