model_key,revision,condition,query_id,tier,n_relevant,capped_recall@1,recall@1,capped_recall@5,recall@5,capped_recall@10,recall@10,capped_recall@20,recall@20,first_relevant_rank,reciprocal_rank
fashion_clip,7e3ba62ce16b379a1ab479346b66f192e76f51b7,unfiltered,A1,A,1101,1.0,0.0009082652134423251,1.0,0.004541326067211626,1.0,0.009082652134423252,0.9,0.01634877384196185,1,1.0
fashion_clip,7e3ba62ce16b379a1ab479346b66f192e76f51b7,unfiltered,A2,A,922,1.0,0.0010845986984815619,1.0,0.005422993492407809,0.9,0.009761388286334056,0.75,0.016268980477223426,1,1.0
fashion_clip,7e3ba62ce16b379a1ab479346b66f192e76f51b7,unfiltered,A3,A,2745,1.0,0.00036429872495446266,1.0,0.0018214936247723133,1.0,0.0036429872495446266,1.0,0.007285974499089253,1,1.0
fashion_clip,7e3ba62ce16b379a1ab479346b66f192e76f51b7,unfiltered,A4,A,1362,1.0,0.0007342143906020558,0.6,0.0022026431718061676,0.8,0.005873715124816446,0.85,0.012481644640234948,1,1.0
fashion_clip,7e3ba62ce16b379a1ab479346b66f192e76f51b7,unfiltered,A5,A,134,1.0,0.007462686567164179,1.0,0.03731343283582089,1.0,0.07462686567164178,1.0,0.14925373134328357,1,1.0
fashion_clip,7e3ba62ce16b379a1ab479346b66f192e76f51b7,unfiltered,B1,B,112,0.0,0.0,0.0,0.0,0.0,0.0,0.0,0.0,265,0.0037735849056603774
fashion_clip,7e3ba62ce16b379a1ab479346b66f192e76f51b7,category_filter,B1,B,112,0.0,0.0,0.0,0.0,0.0,0.0,0.0,0.0,255,0.00392156862745098
fashion_clip,7e3ba62ce16b379a1ab479346b66f192e76f51b7,unfiltered,B2,B,303,1.0,0.0033003300330033004,0.8,0.013201320132013201,0.9,0.0297029702970297,0.8,0.052805280528052806,1,1.0
fashion_clip,7e3ba62ce16b379a1ab479346b66f192e76f51b7,category_filter,B2,B,303,1.0,0.0033003300330033004,1.0,0.0165016501650165,1.0,0.033003300330033,1.0,0.066006600660066,1,1.0
fashion_clip,7e3ba62ce16b379a1ab479346b66f192e76f51b7,unfiltered,B3,B,622,1.0,0.001607717041800643,0.2,0.001607717041800643,0.2,0.003215434083601286,0.3,0.00964630225080386,1,1.0
fashion_clip,7e3ba62ce16b379a1ab479346b66f192e76f51b7,category_filter,B3,B,622,1.0,0.001607717041800643,0.4,0.003215434083601286,0.3,0.00482315112540193,0.35,0.011254019292604502,1,1.0
fashion_clip,7e3ba62ce16b379a1ab479346b66f192e76f51b7,unfiltered,B4,B,379,1.0,0.002638522427440633,0.8,0.010554089709762533,0.7,0.018469656992084433,0.65,0.03430079155672823,1,1.0
fashion_clip,7e3ba62ce16b379a1ab479346b66f192e76f51b7,category_filter,B4,B,379,1.0,0.002638522427440633,0.8,0.010554089709762533,0.9,0.023746701846965697,0.9,0.047493403693931395,1,1.0
fashion_clip,7e3ba62ce16b379a1ab479346b66f192e76f51b7,unfiltered,B5,B,2038,1.0,0.0004906771344455348,1.0,0.0024533856722276743,1.0,0.004906771344455349,1.0,0.009813542688910697,1,1.0
fashion_clip,7e3ba62ce16b379a1ab479346b66f192e76f51b7,category_filter,B5,B,2038,1.0,0.0004906771344455348,1.0,0.0024533856722276743,1.0,0.004906771344455349,1.0,0.009813542688910697,1,1.0
fashion_clip,7e3ba62ce16b379a1ab479346b66f192e76f51b7,unfiltered,B6,B,2463,1.0,0.0004060089321965083,1.0,0.0020300446609825416,1.0,0.004060089321965083,1.0,0.008120178643930167,1,1.0
fashion_clip,7e3ba62ce16b379a1ab479346b66f192e76f51b7,category_filter,B6,B,2463,1.0,0.0004060089321965083,1.0,0.0020300446609825416,1.0,0.004060089321965083,1.0,0.008120178643930167,1,1.0
fashion_clip,7e3ba62ce16b379a1ab479346b66f192e76f51b7,unfiltered,B7,B,153,0.0,0.0,0.6,0.0196078431372549,0.4,0.026143790849673203,0.2,0.026143790849673203,2,0.5
fashion_clip,7e3ba62ce16b379a1ab479346b66f192e76f51b7,category_filter,B7,B,153,0.0,0.0,0.6,0.0196078431372549,0.4,0.026143790849673203,0.2,0.026143790849673203,2,0.5
fashion_clip,7e3ba62ce16b379a1ab479346b66f192e76f51b7,unfiltered,C1,C,669,1.0,0.0014947683109118087,0.2,0.0014947683109118087,0.4,0.005979073243647235,0.4,0.01195814648729447,1,1.0
fashion_clip,7e3ba62ce16b379a1ab479346b66f192e76f51b7,unfiltered,C2,C,776,0.0,0.0,0.4,0.002577319587628866,0.4,0.005154639175257732,0.35,0.00902061855670103,3,0.3333333333333333
fashion_clip,7e3ba62ce16b379a1ab479346b66f192e76f51b7,unfiltered,C3,C,16,0.0,0.0,0.2,0.0625,0.1,0.0625,0.125,0.125,2,0.5
fashion_clip,7e3ba62ce16b379a1ab479346b66f192e76f51b7,unfiltered,C4,C,163,0.0,0.0,0.0,0.0,0.0,0.0,0.0,0.0,22,0.045454545454545456
clip_vit_b32,3d74acf9a28c67741b2f4f2ea7635f0aaf6f0268,unfiltered,A1,A,1101,1.0,0.0009082652134423251,0.6,0.0027247956403269754,0.5,0.004541326067211626,0.5,0.009082652134423252,1,1.0
clip_vit_b32,3d74acf9a28c67741b2f4f2ea7635f0aaf6f0268,unfiltered,A2,A,922,1.0,0.0010845986984815619,0.6,0.0032537960954446853,0.6,0.006507592190889371,0.75,0.016268980477223426,1,1.0
clip_vit_b32,3d74acf9a28c67741b2f4f2ea7635f0aaf6f0268,unfiltered,A3,A,2745,1.0,0.00036429872495446266,1.0,0.0018214936247723133,1.0,0.0036429872495446266,1.0,0.007285974499089253,1,1.0
clip_vit_b32,3d74acf9a28c67741b2f4f2ea7635f0aaf6f0268,unfiltered,A4,A,1362,1.0,0.0007342143906020558,0.8,0.002936857562408223,0.9,0.006607929515418502,0.75,0.011013215859030838,1,1.0
clip_vit_b32,3d74acf9a28c67741b2f4f2ea7635f0aaf6f0268,unfiltered,A5,A,134,1.0,0.007462686567164179,1.0,0.03731343283582089,1.0,0.07462686567164178,0.85,0.12686567164179105,1,1.0
clip_vit_b32,3d74acf9a28c67741b2f4f2ea7635f0aaf6f0268,unfiltered,B1,B,112,0.0,0.0,0.0,0.0,0.0,0.0,0.0,0.0,59,0.01694915254237288
clip_vit_b32,3d74acf9a28c67741b2f4f2ea7635f0aaf6f0268,category_filter,B1,B,112,0.0,0.0,0.0,0.0,0.0,0.0,0.0,0.0,54,0.018518518518518517
clip_vit_b32,3d74acf9a28c67741b2f4f2ea7635f0aaf6f0268,unfiltered,B2,B,303,0.0,0.0,0.2,0.0033003300330033004,0.1,0.0033003300330033004,0.1,0.006600660066006601,3,0.3333333333333333
clip_vit_b32,3d74acf9a28c67741b2f4f2ea7635f0aaf6f0268,category_filter,B2,B,303,1.0,0.0033003300330033004,0.6,0.009900990099009901,0.6,0.019801980198019802,0.8,0.052805280528052806,1,1.0
clip_vit_b32,3d74acf9a28c67741b2f4f2ea7635f0aaf6f0268,unfiltered,B3,B,622,1.0,0.001607717041800643,0.6,0.00482315112540193,0.3,0.00482315112540193,0.45,0.014469453376205787,1,1.0
clip_vit_b32,3d74acf9a28c67741b2f4f2ea7635f0aaf6f0268,category_filter,B3,B,622,1.0,0.001607717041800643,0.6,0.00482315112540193,0.3,0.00482315112540193,0.45,0.014469453376205787,1,1.0
clip_vit_b32,3d74acf9a28c67741b2f4f2ea7635f0aaf6f0268,unfiltered,B4,B,379,0.0,0.0,0.2,0.002638522427440633,0.5,0.013192612137203167,0.5,0.026385224274406333,5,0.2
clip_vit_b32,3d74acf9a28c67741b2f4f2ea7635f0aaf6f0268,category_filter,B4,B,379,1.0,0.002638522427440633,1.0,0.013192612137203167,0.9,0.023746701846965697,0.9,0.047493403693931395,1,1.0
clip_vit_b32,3d74acf9a28c67741b2f4f2ea7635f0aaf6f0268,unfiltered,B5,B,2038,1.0,0.0004906771344455348,1.0,0.0024533856722276743,0.9,0.004416094210009814,0.9,0.008832188420019628,1,1.0
clip_vit_b32,3d74acf9a28c67741b2f4f2ea7635f0aaf6f0268,category_filter,B5,B,2038,1.0,0.0004906771344455348,1.0,0.0024533856722276743,1.0,0.004906771344455349,1.0,0.009813542688910697,1,1.0
clip_vit_b32,3d74acf9a28c67741b2f4f2ea7635f0aaf6f0268,unfiltered,B6,B,2463,1.0,0.0004060089321965083,1.0,0.0020300446609825416,0.9,0.0036540803897685747,0.85,0.006902151847340642,1,1.0
clip_vit_b32,3d74acf9a28c67741b2f4f2ea7635f0aaf6f0268,category_filter,B6,B,2463,1.0,0.0004060089321965083,1.0,0.0020300446609825416,0.9,0.0036540803897685747,0.85,0.006902151847340642,1,1.0
clip_vit_b32,3d74acf9a28c67741b2f4f2ea7635f0aaf6f0268,unfiltered,B7,B,153,0.0,0.0,0.2,0.006535947712418301,0.2,0.013071895424836602,0.1,0.013071895424836602,3,0.3333333333333333
clip_vit_b32,3d74acf9a28c67741b2f4f2ea7635f0aaf6f0268,category_filter,B7,B,153,0.0,0.0,0.2,0.006535947712418301,0.2,0.013071895424836602,0.1,0.013071895424836602,3,0.3333333333333333
clip_vit_b32,3d74acf9a28c67741b2f4f2ea7635f0aaf6f0268,unfiltered,C1,C,669,1.0,0.0014947683109118087,0.4,0.0029895366218236174,0.4,0.005979073243647235,0.3,0.008968609865470852,1,1.0
clip_vit_b32,3d74acf9a28c67741b2f4f2ea7635f0aaf6f0268,unfiltered,C2,C,776,0.0,0.0,0.6,0.003865979381443299,0.5,0.006443298969072165,0.3,0.007731958762886598,3,0.3333333333333333
clip_vit_b32,3d74acf9a28c67741b2f4f2ea7635f0aaf6f0268,unfiltered,C3,C,16,0.0,0.0,0.0,0.0,0.0,0.0,0.0,0.0,29,0.034482758620689655
clip_vit_b32,3d74acf9a28c67741b2f4f2ea7635f0aaf6f0268,unfiltered,C4,C,163,0.0,0.0,0.0,0.0,0.0,0.0,0.0,0.0,194,0.005154639175257732
