model_key,condition,query_id,tier,strict_precision@10,lenient_precision@10,n_relevant,capped_recall@10,strict_gap,lenient_gap
clip_vit_b32,category_filter,B1,B,0.9,1.0,112.0,0.0,0.9,1.0
clip_vit_b32,category_filter,B2,B,0.7,0.9,303.0,0.6,0.09999999999999998,0.30000000000000004
clip_vit_b32,category_filter,B3,B,0.5,0.5,622.0,0.3,0.2,0.2
clip_vit_b32,category_filter,B4,B,0.6,0.9,379.0,0.9,-0.30000000000000004,0.0
clip_vit_b32,category_filter,B5,B,0.9,0.9,2038.0,1.0,-0.09999999999999998,-0.09999999999999998
clip_vit_b32,category_filter,B6,B,0.8,0.8,2463.0,0.9,-0.09999999999999998,-0.09999999999999998
clip_vit_b32,category_filter,B7,B,0.1,0.2,153.0,0.2,-0.1,0.0
clip_vit_b32,unfiltered,A1,A,0.5,0.6,1101.0,0.5,0.0,0.09999999999999998
clip_vit_b32,unfiltered,A2,A,0.4,0.5,922.0,0.6,-0.19999999999999996,-0.09999999999999998
clip_vit_b32,unfiltered,A3,A,1.0,1.0,2745.0,1.0,0.0,0.0
clip_vit_b32,unfiltered,A4,A,0.9,0.9,1362.0,0.9,0.0,0.0
clip_vit_b32,unfiltered,A5,A,1.0,1.0,134.0,1.0,0.0,0.0
clip_vit_b32,unfiltered,B1,B,0.9,1.0,112.0,0.0,0.9,1.0
clip_vit_b32,unfiltered,B2,B,0.1,0.9,303.0,0.1,0.0,0.8
clip_vit_b32,unfiltered,B3,B,0.5,0.5,622.0,0.3,0.2,0.2
clip_vit_b32,unfiltered,B4,B,0.4,0.9,379.0,0.5,-0.09999999999999998,0.4
clip_vit_b32,unfiltered,B5,B,0.8,0.9,2038.0,0.9,-0.09999999999999998,0.0
clip_vit_b32,unfiltered,B6,B,0.8,0.8,2463.0,0.9,-0.09999999999999998,-0.09999999999999998
clip_vit_b32,unfiltered,B7,B,0.1,0.2,153.0,0.2,-0.1,0.0
clip_vit_b32,unfiltered,C1,C,0.7,1.0,669.0,0.4,0.29999999999999993,0.6
clip_vit_b32,unfiltered,C2,C,0.4,0.9,776.0,0.5,-0.09999999999999998,0.4
clip_vit_b32,unfiltered,C3,C,0.0,0.5,16.0,0.0,0.0,0.5
clip_vit_b32,unfiltered,C4,C,0.0,0.1,163.0,0.0,0.0,0.1
clip_vit_b32,unfiltered,D1,D,0.8,0.8,,,,
clip_vit_b32,unfiltered,D2,D,0.7,0.9,,,,
clip_vit_b32,unfiltered,D3,D,0.3,0.9,,,,
clip_vit_b32,unfiltered,D4,D,0.5,0.7,,,,
fashion_clip,category_filter,B1,B,1.0,1.0,112.0,0.0,1.0,1.0
fashion_clip,category_filter,B2,B,1.0,1.0,303.0,1.0,0.0,0.0
fashion_clip,category_filter,B3,B,0.5,0.6,622.0,0.3,0.2,0.3
fashion_clip,category_filter,B4,B,0.7,0.9,379.0,0.9,-0.20000000000000007,0.0
fashion_clip,category_filter,B5,B,1.0,1.0,2038.0,1.0,0.0,0.0
fashion_clip,category_filter,B6,B,1.0,1.0,2463.0,1.0,0.0,0.0
fashion_clip,category_filter,B7,B,0.7,0.7,153.0,0.4,0.29999999999999993,0.29999999999999993
fashion_clip,unfiltered,A1,A,1.0,1.0,1101.0,1.0,0.0,0.0
fashion_clip,unfiltered,A2,A,0.8,0.9,922.0,0.9,-0.09999999999999998,0.0
fashion_clip,unfiltered,A3,A,1.0,1.0,2745.0,1.0,0.0,0.0
fashion_clip,unfiltered,A4,A,0.8,0.8,1362.0,0.8,0.0,0.0
fashion_clip,unfiltered,A5,A,1.0,1.0,134.0,1.0,0.0,0.0
fashion_clip,unfiltered,B1,B,1.0,1.0,112.0,0.0,1.0,1.0
fashion_clip,unfiltered,B2,B,0.9,0.9,303.0,0.9,0.0,0.0
fashion_clip,unfiltered,B3,B,0.5,0.6,622.0,0.2,0.3,0.39999999999999997
fashion_clip,unfiltered,B4,B,0.7,1.0,379.0,0.7,0.0,0.30000000000000004
fashion_clip,unfiltered,B5,B,1.0,1.0,2038.0,1.0,0.0,0.0
fashion_clip,unfiltered,B6,B,1.0,1.0,2463.0,1.0,0.0,0.0
fashion_clip,unfiltered,B7,B,0.7,0.7,153.0,0.4,0.29999999999999993,0.29999999999999993
fashion_clip,unfiltered,C1,C,0.6,0.9,669.0,0.4,0.19999999999999996,0.5
fashion_clip,unfiltered,C2,C,0.4,0.9,776.0,0.4,0.0,0.5
fashion_clip,unfiltered,C3,C,0.3,1.0,16.0,0.1,0.19999999999999998,0.9
fashion_clip,unfiltered,C4,C,0.0,0.2,163.0,0.0,0.0,0.2
fashion_clip,unfiltered,D1,D,1.0,1.0,,,,
fashion_clip,unfiltered,D2,D,1.0,1.0,,,,
fashion_clip,unfiltered,D3,D,0.9,1.0,,,,
fashion_clip,unfiltered,D4,D,0.5,0.7,,,,
