rank,image_id,score,model_key,revision,condition,query_id,tier
1,31890,0.32933474,fashion_clip,7e3ba62ce16b379a1ab479346b66f192e76f51b7,unfiltered,A1,A
2,31726,0.32825825,fashion_clip,7e3ba62ce16b379a1ab479346b66f192e76f51b7,unfiltered,A1,A
3,35654,0.32676518,fashion_clip,7e3ba62ce16b379a1ab479346b66f192e76f51b7,unfiltered,A1,A
4,38354,0.3260973,fashion_clip,7e3ba62ce16b379a1ab479346b66f192e76f51b7,unfiltered,A1,A
5,43798,0.32516825,fashion_clip,7e3ba62ce16b379a1ab479346b66f192e76f51b7,unfiltered,A1,A
6,34163,0.32391542,fashion_clip,7e3ba62ce16b379a1ab479346b66f192e76f51b7,unfiltered,A1,A
7,35331,0.32352945,fashion_clip,7e3ba62ce16b379a1ab479346b66f192e76f51b7,unfiltered,A1,A
8,30649,0.3233474,fashion_clip,7e3ba62ce16b379a1ab479346b66f192e76f51b7,unfiltered,A1,A
9,44706,0.32179797,fashion_clip,7e3ba62ce16b379a1ab479346b66f192e76f51b7,unfiltered,A1,A
10,43201,0.3209498,fashion_clip,7e3ba62ce16b379a1ab479346b66f192e76f51b7,unfiltered,A1,A
11,30205,0.3196901,fashion_clip,7e3ba62ce16b379a1ab479346b66f192e76f51b7,unfiltered,A1,A
12,37336,0.3188367,fashion_clip,7e3ba62ce16b379a1ab479346b66f192e76f51b7,unfiltered,A1,A
13,41764,0.31776246,fashion_clip,7e3ba62ce16b379a1ab479346b66f192e76f51b7,unfiltered,A1,A
14,44413,0.31755513,fashion_clip,7e3ba62ce16b379a1ab479346b66f192e76f51b7,unfiltered,A1,A
15,43743,0.31744617,fashion_clip,7e3ba62ce16b379a1ab479346b66f192e76f51b7,unfiltered,A1,A
16,29842,0.31654304,fashion_clip,7e3ba62ce16b379a1ab479346b66f192e76f51b7,unfiltered,A1,A
17,39838,0.31536502,fashion_clip,7e3ba62ce16b379a1ab479346b66f192e76f51b7,unfiltered,A1,A
18,36778,0.31482148,fashion_clip,7e3ba62ce16b379a1ab479346b66f192e76f51b7,unfiltered,A1,A
19,38801,0.3132345,fashion_clip,7e3ba62ce16b379a1ab479346b66f192e76f51b7,unfiltered,A1,A
20,26179,0.31220338,fashion_clip,7e3ba62ce16b379a1ab479346b66f192e76f51b7,unfiltered,A1,A
1,3534,0.3366146,fashion_clip,7e3ba62ce16b379a1ab479346b66f192e76f51b7,unfiltered,A2,A
2,30943,0.33521932,fashion_clip,7e3ba62ce16b379a1ab479346b66f192e76f51b7,unfiltered,A2,A
3,4287,0.33425194,fashion_clip,7e3ba62ce16b379a1ab479346b66f192e76f51b7,unfiltered,A2,A
4,11058,0.3328693,fashion_clip,7e3ba62ce16b379a1ab479346b66f192e76f51b7,unfiltered,A2,A
5,35335,0.33172733,fashion_clip,7e3ba62ce16b379a1ab479346b66f192e76f51b7,unfiltered,A2,A
6,40560,0.3316984,fashion_clip,7e3ba62ce16b379a1ab479346b66f192e76f51b7,unfiltered,A2,A
7,17143,0.33118787,fashion_clip,7e3ba62ce16b379a1ab479346b66f192e76f51b7,unfiltered,A2,A
8,44066,0.32946014,fashion_clip,7e3ba62ce16b379a1ab479346b66f192e76f51b7,unfiltered,A2,A
9,38562,0.32903853,fashion_clip,7e3ba62ce16b379a1ab479346b66f192e76f51b7,unfiltered,A2,A
10,32959,0.32871014,fashion_clip,7e3ba62ce16b379a1ab479346b66f192e76f51b7,unfiltered,A2,A
11,16873,0.32666063,fashion_clip,7e3ba62ce16b379a1ab479346b66f192e76f51b7,unfiltered,A2,A
12,43773,0.32482463,fashion_clip,7e3ba62ce16b379a1ab479346b66f192e76f51b7,unfiltered,A2,A
13,41144,0.32438698,fashion_clip,7e3ba62ce16b379a1ab479346b66f192e76f51b7,unfiltered,A2,A
14,28275,0.32415223,fashion_clip,7e3ba62ce16b379a1ab479346b66f192e76f51b7,unfiltered,A2,A
15,38132,0.3241133,fashion_clip,7e3ba62ce16b379a1ab479346b66f192e76f51b7,unfiltered,A2,A
16,26078,0.32289135,fashion_clip,7e3ba62ce16b379a1ab479346b66f192e76f51b7,unfiltered,A2,A
17,29431,0.32223922,fashion_clip,7e3ba62ce16b379a1ab479346b66f192e76f51b7,unfiltered,A2,A
18,44111,0.32144535,fashion_clip,7e3ba62ce16b379a1ab479346b66f192e76f51b7,unfiltered,A2,A
19,15592,0.32144535,fashion_clip,7e3ba62ce16b379a1ab479346b66f192e76f51b7,unfiltered,A2,A
20,16625,0.31980008,fashion_clip,7e3ba62ce16b379a1ab479346b66f192e76f51b7,unfiltered,A2,A
1,32018,0.3264172,fashion_clip,7e3ba62ce16b379a1ab479346b66f192e76f51b7,unfiltered,A3,A
2,26877,0.323775,fashion_clip,7e3ba62ce16b379a1ab479346b66f192e76f51b7,unfiltered,A3,A
3,43274,0.31966928,fashion_clip,7e3ba62ce16b379a1ab479346b66f192e76f51b7,unfiltered,A3,A
4,34126,0.31921777,fashion_clip,7e3ba62ce16b379a1ab479346b66f192e76f51b7,unfiltered,A3,A
5,7588,0.31821877,fashion_clip,7e3ba62ce16b379a1ab479346b66f192e76f51b7,unfiltered,A3,A
6,32090,0.3146235,fashion_clip,7e3ba62ce16b379a1ab479346b66f192e76f51b7,unfiltered,A3,A
7,48883,0.31297714,fashion_clip,7e3ba62ce16b379a1ab479346b66f192e76f51b7,unfiltered,A3,A
8,32161,0.31195366,fashion_clip,7e3ba62ce16b379a1ab479346b66f192e76f51b7,unfiltered,A3,A
9,44189,0.31008953,fashion_clip,7e3ba62ce16b379a1ab479346b66f192e76f51b7,unfiltered,A3,A
10,33057,0.30967033,fashion_clip,7e3ba62ce16b379a1ab479346b66f192e76f51b7,unfiltered,A3,A
11,31043,0.30925256,fashion_clip,7e3ba62ce16b379a1ab479346b66f192e76f51b7,unfiltered,A3,A
12,24688,0.309246,fashion_clip,7e3ba62ce16b379a1ab479346b66f192e76f51b7,unfiltered,A3,A
13,18670,0.30823988,fashion_clip,7e3ba62ce16b379a1ab479346b66f192e76f51b7,unfiltered,A3,A
14,32916,0.30769128,fashion_clip,7e3ba62ce16b379a1ab479346b66f192e76f51b7,unfiltered,A3,A
15,43343,0.3074511,fashion_clip,7e3ba62ce16b379a1ab479346b66f192e76f51b7,unfiltered,A3,A
16,42451,0.30734676,fashion_clip,7e3ba62ce16b379a1ab479346b66f192e76f51b7,unfiltered,A3,A
17,46262,0.30715102,fashion_clip,7e3ba62ce16b379a1ab479346b66f192e76f51b7,unfiltered,A3,A
18,32416,0.3060633,fashion_clip,7e3ba62ce16b379a1ab479346b66f192e76f51b7,unfiltered,A3,A
19,38561,0.3054918,fashion_clip,7e3ba62ce16b379a1ab479346b66f192e76f51b7,unfiltered,A3,A
20,31612,0.3053835,fashion_clip,7e3ba62ce16b379a1ab479346b66f192e76f51b7,unfiltered,A3,A
1,49187,0.3312602,fashion_clip,7e3ba62ce16b379a1ab479346b66f192e76f51b7,unfiltered,A4,A
2,24520,0.31614035,fashion_clip,7e3ba62ce16b379a1ab479346b66f192e76f51b7,unfiltered,A4,A
3,25147,0.31601807,fashion_clip,7e3ba62ce16b379a1ab479346b66f192e76f51b7,unfiltered,A4,A
4,21717,0.31598818,fashion_clip,7e3ba62ce16b379a1ab479346b66f192e76f51b7,unfiltered,A4,A
5,8575,0.31561506,fashion_clip,7e3ba62ce16b379a1ab479346b66f192e76f51b7,unfiltered,A4,A
6,22626,0.31443715,fashion_clip,7e3ba62ce16b379a1ab479346b66f192e76f51b7,unfiltered,A4,A
7,7091,0.31404746,fashion_clip,7e3ba62ce16b379a1ab479346b66f192e76f51b7,unfiltered,A4,A
8,1904,0.31305745,fashion_clip,7e3ba62ce16b379a1ab479346b66f192e76f51b7,unfiltered,A4,A
9,2007,0.3130346,fashion_clip,7e3ba62ce16b379a1ab479346b66f192e76f51b7,unfiltered,A4,A
10,16957,0.3128962,fashion_clip,7e3ba62ce16b379a1ab479346b66f192e76f51b7,unfiltered,A4,A
11,20920,0.311123,fashion_clip,7e3ba62ce16b379a1ab479346b66f192e76f51b7,unfiltered,A4,A
12,23009,0.3103099,fashion_clip,7e3ba62ce16b379a1ab479346b66f192e76f51b7,unfiltered,A4,A
13,46058,0.31000447,fashion_clip,7e3ba62ce16b379a1ab479346b66f192e76f51b7,unfiltered,A4,A
14,7102,0.30927262,fashion_clip,7e3ba62ce16b379a1ab479346b66f192e76f51b7,unfiltered,A4,A
15,7565,0.30888605,fashion_clip,7e3ba62ce16b379a1ab479346b66f192e76f51b7,unfiltered,A4,A
16,32179,0.30763942,fashion_clip,7e3ba62ce16b379a1ab479346b66f192e76f51b7,unfiltered,A4,A
17,15627,0.30743203,fashion_clip,7e3ba62ce16b379a1ab479346b66f192e76f51b7,unfiltered,A4,A
18,3234,0.307141,fashion_clip,7e3ba62ce16b379a1ab479346b66f192e76f51b7,unfiltered,A4,A
19,19410,0.3069112,fashion_clip,7e3ba62ce16b379a1ab479346b66f192e76f51b7,unfiltered,A4,A
20,27997,0.3067204,fashion_clip,7e3ba62ce16b379a1ab479346b66f192e76f51b7,unfiltered,A4,A
1,23826,0.33448604,fashion_clip,7e3ba62ce16b379a1ab479346b66f192e76f51b7,unfiltered,A5,A
2,21414,0.33158702,fashion_clip,7e3ba62ce16b379a1ab479346b66f192e76f51b7,unfiltered,A5,A
3,14091,0.33135706,fashion_clip,7e3ba62ce16b379a1ab479346b66f192e76f51b7,unfiltered,A5,A
4,13295,0.33062035,fashion_clip,7e3ba62ce16b379a1ab479346b66f192e76f51b7,unfiltered,A5,A
5,8933,0.33040667,fashion_clip,7e3ba62ce16b379a1ab479346b66f192e76f51b7,unfiltered,A5,A
6,20903,0.32895854,fashion_clip,7e3ba62ce16b379a1ab479346b66f192e76f51b7,unfiltered,A5,A
7,10138,0.32754523,fashion_clip,7e3ba62ce16b379a1ab479346b66f192e76f51b7,unfiltered,A5,A
8,9499,0.3264385,fashion_clip,7e3ba62ce16b379a1ab479346b66f192e76f51b7,unfiltered,A5,A
9,23231,0.32579425,fashion_clip,7e3ba62ce16b379a1ab479346b66f192e76f51b7,unfiltered,A5,A
10,24139,0.32476845,fashion_clip,7e3ba62ce16b379a1ab479346b66f192e76f51b7,unfiltered,A5,A
11,8230,0.3243415,fashion_clip,7e3ba62ce16b379a1ab479346b66f192e76f51b7,unfiltered,A5,A
12,24125,0.32374188,fashion_clip,7e3ba62ce16b379a1ab479346b66f192e76f51b7,unfiltered,A5,A
13,18527,0.323374,fashion_clip,7e3ba62ce16b379a1ab479346b66f192e76f51b7,unfiltered,A5,A
14,12217,0.3230135,fashion_clip,7e3ba62ce16b379a1ab479346b66f192e76f51b7,unfiltered,A5,A
15,8236,0.32233226,fashion_clip,7e3ba62ce16b379a1ab479346b66f192e76f51b7,unfiltered,A5,A
16,46746,0.32112598,fashion_clip,7e3ba62ce16b379a1ab479346b66f192e76f51b7,unfiltered,A5,A
17,20353,0.32104623,fashion_clip,7e3ba62ce16b379a1ab479346b66f192e76f51b7,unfiltered,A5,A
18,13542,0.32089478,fashion_clip,7e3ba62ce16b379a1ab479346b66f192e76f51b7,unfiltered,A5,A
19,8965,0.31906262,fashion_clip,7e3ba62ce16b379a1ab479346b66f192e76f51b7,unfiltered,A5,A
20,35840,0.31812665,fashion_clip,7e3ba62ce16b379a1ab479346b66f192e76f51b7,unfiltered,A5,A
1,41975,0.3419714,fashion_clip,7e3ba62ce16b379a1ab479346b66f192e76f51b7,unfiltered,B1,B
2,42065,0.34103203,fashion_clip,7e3ba62ce16b379a1ab479346b66f192e76f51b7,unfiltered,B1,B
3,36172,0.34086794,fashion_clip,7e3ba62ce16b379a1ab479346b66f192e76f51b7,unfiltered,B1,B
4,49322,0.3406635,fashion_clip,7e3ba62ce16b379a1ab479346b66f192e76f51b7,unfiltered,B1,B
5,33805,0.3355235,fashion_clip,7e3ba62ce16b379a1ab479346b66f192e76f51b7,unfiltered,B1,B
6,39287,0.33525062,fashion_clip,7e3ba62ce16b379a1ab479346b66f192e76f51b7,unfiltered,B1,B
7,7925,0.3349161,fashion_clip,7e3ba62ce16b379a1ab479346b66f192e76f51b7,unfiltered,B1,B
8,50179,0.33349925,fashion_clip,7e3ba62ce16b379a1ab479346b66f192e76f51b7,unfiltered,B1,B
9,45856,0.33303922,fashion_clip,7e3ba62ce16b379a1ab479346b66f192e76f51b7,unfiltered,B1,B
10,27766,0.33289862,fashion_clip,7e3ba62ce16b379a1ab479346b66f192e76f51b7,unfiltered,B1,B
11,14413,0.33246574,fashion_clip,7e3ba62ce16b379a1ab479346b66f192e76f51b7,unfiltered,B1,B
12,39474,0.33205828,fashion_clip,7e3ba62ce16b379a1ab479346b66f192e76f51b7,unfiltered,B1,B
13,29366,0.33137894,fashion_clip,7e3ba62ce16b379a1ab479346b66f192e76f51b7,unfiltered,B1,B
14,46958,0.3313622,fashion_clip,7e3ba62ce16b379a1ab479346b66f192e76f51b7,unfiltered,B1,B
15,36759,0.3305657,fashion_clip,7e3ba62ce16b379a1ab479346b66f192e76f51b7,unfiltered,B1,B
16,42709,0.33046418,fashion_clip,7e3ba62ce16b379a1ab479346b66f192e76f51b7,unfiltered,B1,B
17,25962,0.3301387,fashion_clip,7e3ba62ce16b379a1ab479346b66f192e76f51b7,unfiltered,B1,B
18,46747,0.3300298,fashion_clip,7e3ba62ce16b379a1ab479346b66f192e76f51b7,unfiltered,B1,B
19,23268,0.32992768,fashion_clip,7e3ba62ce16b379a1ab479346b66f192e76f51b7,unfiltered,B1,B
20,49982,0.3298164,fashion_clip,7e3ba62ce16b379a1ab479346b66f192e76f51b7,unfiltered,B1,B
1,41975,0.3419714,fashion_clip,7e3ba62ce16b379a1ab479346b66f192e76f51b7,category_filter,B1,B
2,42065,0.34103203,fashion_clip,7e3ba62ce16b379a1ab479346b66f192e76f51b7,category_filter,B1,B
3,36172,0.34086794,fashion_clip,7e3ba62ce16b379a1ab479346b66f192e76f51b7,category_filter,B1,B
4,49322,0.3406635,fashion_clip,7e3ba62ce16b379a1ab479346b66f192e76f51b7,category_filter,B1,B
5,33805,0.3355235,fashion_clip,7e3ba62ce16b379a1ab479346b66f192e76f51b7,category_filter,B1,B
6,39287,0.33525062,fashion_clip,7e3ba62ce16b379a1ab479346b66f192e76f51b7,category_filter,B1,B
7,7925,0.3349161,fashion_clip,7e3ba62ce16b379a1ab479346b66f192e76f51b7,category_filter,B1,B
8,50179,0.33349925,fashion_clip,7e3ba62ce16b379a1ab479346b66f192e76f51b7,category_filter,B1,B
9,45856,0.33303922,fashion_clip,7e3ba62ce16b379a1ab479346b66f192e76f51b7,category_filter,B1,B
10,27766,0.33289862,fashion_clip,7e3ba62ce16b379a1ab479346b66f192e76f51b7,category_filter,B1,B
11,14413,0.33246574,fashion_clip,7e3ba62ce16b379a1ab479346b66f192e76f51b7,category_filter,B1,B
12,39474,0.33205828,fashion_clip,7e3ba62ce16b379a1ab479346b66f192e76f51b7,category_filter,B1,B
13,29366,0.33137894,fashion_clip,7e3ba62ce16b379a1ab479346b66f192e76f51b7,category_filter,B1,B
14,46958,0.3313622,fashion_clip,7e3ba62ce16b379a1ab479346b66f192e76f51b7,category_filter,B1,B
15,42709,0.33046418,fashion_clip,7e3ba62ce16b379a1ab479346b66f192e76f51b7,category_filter,B1,B
16,25962,0.3301387,fashion_clip,7e3ba62ce16b379a1ab479346b66f192e76f51b7,category_filter,B1,B
17,46747,0.3300298,fashion_clip,7e3ba62ce16b379a1ab479346b66f192e76f51b7,category_filter,B1,B
18,23268,0.32992768,fashion_clip,7e3ba62ce16b379a1ab479346b66f192e76f51b7,category_filter,B1,B
19,49982,0.3298164,fashion_clip,7e3ba62ce16b379a1ab479346b66f192e76f51b7,category_filter,B1,B
20,30692,0.32937938,fashion_clip,7e3ba62ce16b379a1ab479346b66f192e76f51b7,category_filter,B1,B
1,49280,0.35165834,fashion_clip,7e3ba62ce16b379a1ab479346b66f192e76f51b7,unfiltered,B2,B
2,14874,0.3400503,fashion_clip,7e3ba62ce16b379a1ab479346b66f192e76f51b7,unfiltered,B2,B
3,45242,0.33883253,fashion_clip,7e3ba62ce16b379a1ab479346b66f192e76f51b7,unfiltered,B2,B
4,32900,0.331734,fashion_clip,7e3ba62ce16b379a1ab479346b66f192e76f51b7,unfiltered,B2,B
5,48868,0.33085096,fashion_clip,7e3ba62ce16b379a1ab479346b66f192e76f51b7,unfiltered,B2,B
6,28014,0.33074698,fashion_clip,7e3ba62ce16b379a1ab479346b66f192e76f51b7,unfiltered,B2,B
7,25618,0.3305875,fashion_clip,7e3ba62ce16b379a1ab479346b66f192e76f51b7,unfiltered,B2,B
8,38223,0.33019206,fashion_clip,7e3ba62ce16b379a1ab479346b66f192e76f51b7,unfiltered,B2,B
9,35965,0.329379,fashion_clip,7e3ba62ce16b379a1ab479346b66f192e76f51b7,unfiltered,B2,B
10,45121,0.3282283,fashion_clip,7e3ba62ce16b379a1ab479346b66f192e76f51b7,unfiltered,B2,B
11,41588,0.32764757,fashion_clip,7e3ba62ce16b379a1ab479346b66f192e76f51b7,unfiltered,B2,B
12,32518,0.32631266,fashion_clip,7e3ba62ce16b379a1ab479346b66f192e76f51b7,unfiltered,B2,B
13,46318,0.32607737,fashion_clip,7e3ba62ce16b379a1ab479346b66f192e76f51b7,unfiltered,B2,B
14,8196,0.32592827,fashion_clip,7e3ba62ce16b379a1ab479346b66f192e76f51b7,unfiltered,B2,B
15,33344,0.32460678,fashion_clip,7e3ba62ce16b379a1ab479346b66f192e76f51b7,unfiltered,B2,B
16,14083,0.32419622,fashion_clip,7e3ba62ce16b379a1ab479346b66f192e76f51b7,unfiltered,B2,B
17,46998,0.32324454,fashion_clip,7e3ba62ce16b379a1ab479346b66f192e76f51b7,unfiltered,B2,B
18,26969,0.32319528,fashion_clip,7e3ba62ce16b379a1ab479346b66f192e76f51b7,unfiltered,B2,B
19,38026,0.3227036,fashion_clip,7e3ba62ce16b379a1ab479346b66f192e76f51b7,unfiltered,B2,B
20,26581,0.32041264,fashion_clip,7e3ba62ce16b379a1ab479346b66f192e76f51b7,unfiltered,B2,B
1,49280,0.35165834,fashion_clip,7e3ba62ce16b379a1ab479346b66f192e76f51b7,category_filter,B2,B
2,14874,0.3400503,fashion_clip,7e3ba62ce16b379a1ab479346b66f192e76f51b7,category_filter,B2,B
3,45242,0.33883253,fashion_clip,7e3ba62ce16b379a1ab479346b66f192e76f51b7,category_filter,B2,B
4,32900,0.331734,fashion_clip,7e3ba62ce16b379a1ab479346b66f192e76f51b7,category_filter,B2,B
5,28014,0.33074698,fashion_clip,7e3ba62ce16b379a1ab479346b66f192e76f51b7,category_filter,B2,B
6,25618,0.3305875,fashion_clip,7e3ba62ce16b379a1ab479346b66f192e76f51b7,category_filter,B2,B
7,38223,0.33019206,fashion_clip,7e3ba62ce16b379a1ab479346b66f192e76f51b7,category_filter,B2,B
8,35965,0.329379,fashion_clip,7e3ba62ce16b379a1ab479346b66f192e76f51b7,category_filter,B2,B
9,45121,0.3282283,fashion_clip,7e3ba62ce16b379a1ab479346b66f192e76f51b7,category_filter,B2,B
10,41588,0.32764757,fashion_clip,7e3ba62ce16b379a1ab479346b66f192e76f51b7,category_filter,B2,B
11,32518,0.32631266,fashion_clip,7e3ba62ce16b379a1ab479346b66f192e76f51b7,category_filter,B2,B
12,8196,0.32592827,fashion_clip,7e3ba62ce16b379a1ab479346b66f192e76f51b7,category_filter,B2,B
13,14083,0.32419622,fashion_clip,7e3ba62ce16b379a1ab479346b66f192e76f51b7,category_filter,B2,B
14,46998,0.32324454,fashion_clip,7e3ba62ce16b379a1ab479346b66f192e76f51b7,category_filter,B2,B
15,26969,0.32319528,fashion_clip,7e3ba62ce16b379a1ab479346b66f192e76f51b7,category_filter,B2,B
16,38026,0.3227036,fashion_clip,7e3ba62ce16b379a1ab479346b66f192e76f51b7,category_filter,B2,B
17,25645,0.3199487,fashion_clip,7e3ba62ce16b379a1ab479346b66f192e76f51b7,category_filter,B2,B
18,49972,0.3188268,fashion_clip,7e3ba62ce16b379a1ab479346b66f192e76f51b7,category_filter,B2,B
19,44984,0.3185213,fashion_clip,7e3ba62ce16b379a1ab479346b66f192e76f51b7,category_filter,B2,B
20,31333,0.317826,fashion_clip,7e3ba62ce16b379a1ab479346b66f192e76f51b7,category_filter,B2,B
1,44566,0.3436,fashion_clip,7e3ba62ce16b379a1ab479346b66f192e76f51b7,unfiltered,B3,B
2,27443,0.33978072,fashion_clip,7e3ba62ce16b379a1ab479346b66f192e76f51b7,unfiltered,B3,B
3,24856,0.3330432,fashion_clip,7e3ba62ce16b379a1ab479346b66f192e76f51b7,unfiltered,B3,B
4,7857,0.33135995,fashion_clip,7e3ba62ce16b379a1ab479346b66f192e76f51b7,unfiltered,B3,B
5,14603,0.33106542,fashion_clip,7e3ba62ce16b379a1ab479346b66f192e76f51b7,unfiltered,B3,B
6,34226,0.33030042,fashion_clip,7e3ba62ce16b379a1ab479346b66f192e76f51b7,unfiltered,B3,B
7,12951,0.32988173,fashion_clip,7e3ba62ce16b379a1ab479346b66f192e76f51b7,unfiltered,B3,B
8,19214,0.32962853,fashion_clip,7e3ba62ce16b379a1ab479346b66f192e76f51b7,unfiltered,B3,B
9,49376,0.32829207,fashion_clip,7e3ba62ce16b379a1ab479346b66f192e76f51b7,unfiltered,B3,B
10,49767,0.32783067,fashion_clip,7e3ba62ce16b379a1ab479346b66f192e76f51b7,unfiltered,B3,B
11,32211,0.3264275,fashion_clip,7e3ba62ce16b379a1ab479346b66f192e76f51b7,unfiltered,B3,B
12,43521,0.32531065,fashion_clip,7e3ba62ce16b379a1ab479346b66f192e76f51b7,unfiltered,B3,B
13,17186,0.32246652,fashion_clip,7e3ba62ce16b379a1ab479346b66f192e76f51b7,unfiltered,B3,B
14,35266,0.32090998,fashion_clip,7e3ba62ce16b379a1ab479346b66f192e76f51b7,unfiltered,B3,B
15,45279,0.32065398,fashion_clip,7e3ba62ce16b379a1ab479346b66f192e76f51b7,unfiltered,B3,B
16,10231,0.32056743,fashion_clip,7e3ba62ce16b379a1ab479346b66f192e76f51b7,unfiltered,B3,B
17,17225,0.32029203,fashion_clip,7e3ba62ce16b379a1ab479346b66f192e76f51b7,unfiltered,B3,B
18,44614,0.3202503,fashion_clip,7e3ba62ce16b379a1ab479346b66f192e76f51b7,unfiltered,B3,B
19,27977,0.3198334,fashion_clip,7e3ba62ce16b379a1ab479346b66f192e76f51b7,unfiltered,B3,B
20,31232,0.31907406,fashion_clip,7e3ba62ce16b379a1ab479346b66f192e76f51b7,unfiltered,B3,B
1,44566,0.3436,fashion_clip,7e3ba62ce16b379a1ab479346b66f192e76f51b7,category_filter,B3,B
2,27443,0.33978072,fashion_clip,7e3ba62ce16b379a1ab479346b66f192e76f51b7,category_filter,B3,B
3,14603,0.33106542,fashion_clip,7e3ba62ce16b379a1ab479346b66f192e76f51b7,category_filter,B3,B
4,34226,0.33030042,fashion_clip,7e3ba62ce16b379a1ab479346b66f192e76f51b7,category_filter,B3,B
5,12951,0.32988173,fashion_clip,7e3ba62ce16b379a1ab479346b66f192e76f51b7,category_filter,B3,B
6,19214,0.32962853,fashion_clip,7e3ba62ce16b379a1ab479346b66f192e76f51b7,category_filter,B3,B
7,49376,0.32829207,fashion_clip,7e3ba62ce16b379a1ab479346b66f192e76f51b7,category_filter,B3,B
8,49767,0.32783067,fashion_clip,7e3ba62ce16b379a1ab479346b66f192e76f51b7,category_filter,B3,B
9,32211,0.3264275,fashion_clip,7e3ba62ce16b379a1ab479346b66f192e76f51b7,category_filter,B3,B
10,43521,0.32531065,fashion_clip,7e3ba62ce16b379a1ab479346b66f192e76f51b7,category_filter,B3,B
11,17186,0.32246652,fashion_clip,7e3ba62ce16b379a1ab479346b66f192e76f51b7,category_filter,B3,B
12,35266,0.32090998,fashion_clip,7e3ba62ce16b379a1ab479346b66f192e76f51b7,category_filter,B3,B
13,45279,0.32065398,fashion_clip,7e3ba62ce16b379a1ab479346b66f192e76f51b7,category_filter,B3,B
14,10231,0.32056743,fashion_clip,7e3ba62ce16b379a1ab479346b66f192e76f51b7,category_filter,B3,B
15,17225,0.32029203,fashion_clip,7e3ba62ce16b379a1ab479346b66f192e76f51b7,category_filter,B3,B
16,44614,0.3202503,fashion_clip,7e3ba62ce16b379a1ab479346b66f192e76f51b7,category_filter,B3,B
17,27977,0.3198334,fashion_clip,7e3ba62ce16b379a1ab479346b66f192e76f51b7,category_filter,B3,B
18,31232,0.31907406,fashion_clip,7e3ba62ce16b379a1ab479346b66f192e76f51b7,category_filter,B3,B
19,36760,0.318342,fashion_clip,7e3ba62ce16b379a1ab479346b66f192e76f51b7,category_filter,B3,B
20,3723,0.31723437,fashion_clip,7e3ba62ce16b379a1ab479346b66f192e76f51b7,category_filter,B3,B
1,3718,0.35695082,fashion_clip,7e3ba62ce16b379a1ab479346b66f192e76f51b7,unfiltered,B4,B
2,49177,0.34877262,fashion_clip,7e3ba62ce16b379a1ab479346b66f192e76f51b7,unfiltered,B4,B
3,36370,0.34512752,fashion_clip,7e3ba62ce16b379a1ab479346b66f192e76f51b7,unfiltered,B4,B
4,3600,0.34503335,fashion_clip,7e3ba62ce16b379a1ab479346b66f192e76f51b7,unfiltered,B4,B
5,38612,0.3440373,fashion_clip,7e3ba62ce16b379a1ab479346b66f192e76f51b7,unfiltered,B4,B
6,29311,0.34373176,fashion_clip,7e3ba62ce16b379a1ab479346b66f192e76f51b7,unfiltered,B4,B
7,19353,0.34175533,fashion_clip,7e3ba62ce16b379a1ab479346b66f192e76f51b7,unfiltered,B4,B
8,38665,0.3405307,fashion_clip,7e3ba62ce16b379a1ab479346b66f192e76f51b7,unfiltered,B4,B
9,36386,0.3402126,fashion_clip,7e3ba62ce16b379a1ab479346b66f192e76f51b7,unfiltered,B4,B
10,37289,0.33965382,fashion_clip,7e3ba62ce16b379a1ab479346b66f192e76f51b7,unfiltered,B4,B
11,48815,0.3393916,fashion_clip,7e3ba62ce16b379a1ab479346b66f192e76f51b7,unfiltered,B4,B
12,9133,0.33914435,fashion_clip,7e3ba62ce16b379a1ab479346b66f192e76f51b7,unfiltered,B4,B
13,15224,0.33844084,fashion_clip,7e3ba62ce16b379a1ab479346b66f192e76f51b7,unfiltered,B4,B
14,49312,0.33792248,fashion_clip,7e3ba62ce16b379a1ab479346b66f192e76f51b7,unfiltered,B4,B
15,22330,0.33553886,fashion_clip,7e3ba62ce16b379a1ab479346b66f192e76f51b7,unfiltered,B4,B
16,13208,0.33515954,fashion_clip,7e3ba62ce16b379a1ab479346b66f192e76f51b7,unfiltered,B4,B
17,31468,0.3328481,fashion_clip,7e3ba62ce16b379a1ab479346b66f192e76f51b7,unfiltered,B4,B
18,30163,0.33261096,fashion_clip,7e3ba62ce16b379a1ab479346b66f192e76f51b7,unfiltered,B4,B
19,5728,0.33060974,fashion_clip,7e3ba62ce16b379a1ab479346b66f192e76f51b7,unfiltered,B4,B
20,39122,0.33054554,fashion_clip,7e3ba62ce16b379a1ab479346b66f192e76f51b7,unfiltered,B4,B
1,3718,0.35695082,fashion_clip,7e3ba62ce16b379a1ab479346b66f192e76f51b7,category_filter,B4,B
2,49177,0.34877262,fashion_clip,7e3ba62ce16b379a1ab479346b66f192e76f51b7,category_filter,B4,B
3,36370,0.34512752,fashion_clip,7e3ba62ce16b379a1ab479346b66f192e76f51b7,category_filter,B4,B
4,3600,0.34503335,fashion_clip,7e3ba62ce16b379a1ab479346b66f192e76f51b7,category_filter,B4,B
5,29311,0.34373176,fashion_clip,7e3ba62ce16b379a1ab479346b66f192e76f51b7,category_filter,B4,B
6,38665,0.3405307,fashion_clip,7e3ba62ce16b379a1ab479346b66f192e76f51b7,category_filter,B4,B
7,36386,0.3402126,fashion_clip,7e3ba62ce16b379a1ab479346b66f192e76f51b7,category_filter,B4,B
8,37289,0.33965382,fashion_clip,7e3ba62ce16b379a1ab479346b66f192e76f51b7,category_filter,B4,B
9,48815,0.3393916,fashion_clip,7e3ba62ce16b379a1ab479346b66f192e76f51b7,category_filter,B4,B
10,49312,0.33792248,fashion_clip,7e3ba62ce16b379a1ab479346b66f192e76f51b7,category_filter,B4,B
11,31468,0.3328481,fashion_clip,7e3ba62ce16b379a1ab479346b66f192e76f51b7,category_filter,B4,B
12,30163,0.33261096,fashion_clip,7e3ba62ce16b379a1ab479346b66f192e76f51b7,category_filter,B4,B
13,5728,0.33060974,fashion_clip,7e3ba62ce16b379a1ab479346b66f192e76f51b7,category_filter,B4,B
14,39122,0.33054554,fashion_clip,7e3ba62ce16b379a1ab479346b66f192e76f51b7,category_filter,B4,B
15,45298,0.33053973,fashion_clip,7e3ba62ce16b379a1ab479346b66f192e76f51b7,category_filter,B4,B
16,130,0.32993788,fashion_clip,7e3ba62ce16b379a1ab479346b66f192e76f51b7,category_filter,B4,B
17,23011,0.32941774,fashion_clip,7e3ba62ce16b379a1ab479346b66f192e76f51b7,category_filter,B4,B
18,43724,0.32900542,fashion_clip,7e3ba62ce16b379a1ab479346b66f192e76f51b7,category_filter,B4,B
19,35487,0.32899505,fashion_clip,7e3ba62ce16b379a1ab479346b66f192e76f51b7,category_filter,B4,B
20,30065,0.3277357,fashion_clip,7e3ba62ce16b379a1ab479346b66f192e76f51b7,category_filter,B4,B
1,44442,0.34118927,fashion_clip,7e3ba62ce16b379a1ab479346b66f192e76f51b7,unfiltered,B5,B
2,40663,0.34080964,fashion_clip,7e3ba62ce16b379a1ab479346b66f192e76f51b7,unfiltered,B5,B
3,34465,0.34051824,fashion_clip,7e3ba62ce16b379a1ab479346b66f192e76f51b7,unfiltered,B5,B
4,45381,0.33980608,fashion_clip,7e3ba62ce16b379a1ab479346b66f192e76f51b7,unfiltered,B5,B
5,10016,0.3397599,fashion_clip,7e3ba62ce16b379a1ab479346b66f192e76f51b7,unfiltered,B5,B
6,36229,0.33936507,fashion_clip,7e3ba62ce16b379a1ab479346b66f192e76f51b7,unfiltered,B5,B
7,27856,0.3391168,fashion_clip,7e3ba62ce16b379a1ab479346b66f192e76f51b7,unfiltered,B5,B
8,25429,0.3374286,fashion_clip,7e3ba62ce16b379a1ab479346b66f192e76f51b7,unfiltered,B5,B
9,37274,0.33742177,fashion_clip,7e3ba62ce16b379a1ab479346b66f192e76f51b7,unfiltered,B5,B
10,29752,0.33713472,fashion_clip,7e3ba62ce16b379a1ab479346b66f192e76f51b7,unfiltered,B5,B
11,21682,0.33640304,fashion_clip,7e3ba62ce16b379a1ab479346b66f192e76f51b7,unfiltered,B5,B
12,44781,0.33598712,fashion_clip,7e3ba62ce16b379a1ab479346b66f192e76f51b7,unfiltered,B5,B
13,44507,0.33536702,fashion_clip,7e3ba62ce16b379a1ab479346b66f192e76f51b7,unfiltered,B5,B
14,26388,0.3347122,fashion_clip,7e3ba62ce16b379a1ab479346b66f192e76f51b7,unfiltered,B5,B
15,25682,0.33436322,fashion_clip,7e3ba62ce16b379a1ab479346b66f192e76f51b7,unfiltered,B5,B
16,32643,0.3339162,fashion_clip,7e3ba62ce16b379a1ab479346b66f192e76f51b7,unfiltered,B5,B
17,42115,0.3338129,fashion_clip,7e3ba62ce16b379a1ab479346b66f192e76f51b7,unfiltered,B5,B
18,29190,0.33349943,fashion_clip,7e3ba62ce16b379a1ab479346b66f192e76f51b7,unfiltered,B5,B
19,37078,0.33324695,fashion_clip,7e3ba62ce16b379a1ab479346b66f192e76f51b7,unfiltered,B5,B
20,31813,0.3325718,fashion_clip,7e3ba62ce16b379a1ab479346b66f192e76f51b7,unfiltered,B5,B
1,44442,0.34118927,fashion_clip,7e3ba62ce16b379a1ab479346b66f192e76f51b7,category_filter,B5,B
2,40663,0.34080964,fashion_clip,7e3ba62ce16b379a1ab479346b66f192e76f51b7,category_filter,B5,B
3,34465,0.34051824,fashion_clip,7e3ba62ce16b379a1ab479346b66f192e76f51b7,category_filter,B5,B
4,45381,0.33980608,fashion_clip,7e3ba62ce16b379a1ab479346b66f192e76f51b7,category_filter,B5,B
5,10016,0.3397599,fashion_clip,7e3ba62ce16b379a1ab479346b66f192e76f51b7,category_filter,B5,B
6,36229,0.33936507,fashion_clip,7e3ba62ce16b379a1ab479346b66f192e76f51b7,category_filter,B5,B
7,27856,0.3391168,fashion_clip,7e3ba62ce16b379a1ab479346b66f192e76f51b7,category_filter,B5,B
8,25429,0.3374286,fashion_clip,7e3ba62ce16b379a1ab479346b66f192e76f51b7,category_filter,B5,B
9,37274,0.33742177,fashion_clip,7e3ba62ce16b379a1ab479346b66f192e76f51b7,category_filter,B5,B
10,29752,0.33713472,fashion_clip,7e3ba62ce16b379a1ab479346b66f192e76f51b7,category_filter,B5,B
11,21682,0.33640304,fashion_clip,7e3ba62ce16b379a1ab479346b66f192e76f51b7,category_filter,B5,B
12,44781,0.33598712,fashion_clip,7e3ba62ce16b379a1ab479346b66f192e76f51b7,category_filter,B5,B
13,44507,0.33536702,fashion_clip,7e3ba62ce16b379a1ab479346b66f192e76f51b7,category_filter,B5,B
14,26388,0.3347122,fashion_clip,7e3ba62ce16b379a1ab479346b66f192e76f51b7,category_filter,B5,B
15,25682,0.33436322,fashion_clip,7e3ba62ce16b379a1ab479346b66f192e76f51b7,category_filter,B5,B
16,32643,0.3339162,fashion_clip,7e3ba62ce16b379a1ab479346b66f192e76f51b7,category_filter,B5,B
17,42115,0.3338129,fashion_clip,7e3ba62ce16b379a1ab479346b66f192e76f51b7,category_filter,B5,B
18,29190,0.33349943,fashion_clip,7e3ba62ce16b379a1ab479346b66f192e76f51b7,category_filter,B5,B
19,37078,0.33324695,fashion_clip,7e3ba62ce16b379a1ab479346b66f192e76f51b7,category_filter,B5,B
20,31813,0.3325718,fashion_clip,7e3ba62ce16b379a1ab479346b66f192e76f51b7,category_filter,B5,B
1,27626,0.34427088,fashion_clip,7e3ba62ce16b379a1ab479346b66f192e76f51b7,unfiltered,B6,B
2,24177,0.33985096,fashion_clip,7e3ba62ce16b379a1ab479346b66f192e76f51b7,unfiltered,B6,B
3,29345,0.33562994,fashion_clip,7e3ba62ce16b379a1ab479346b66f192e76f51b7,unfiltered,B6,B
4,33355,0.33447206,fashion_clip,7e3ba62ce16b379a1ab479346b66f192e76f51b7,unfiltered,B6,B
5,40154,0.33150983,fashion_clip,7e3ba62ce16b379a1ab479346b66f192e76f51b7,unfiltered,B6,B
6,47458,0.33034968,fashion_clip,7e3ba62ce16b379a1ab479346b66f192e76f51b7,unfiltered,B6,B
7,26099,0.3296786,fashion_clip,7e3ba62ce16b379a1ab479346b66f192e76f51b7,unfiltered,B6,B
8,26616,0.32660794,fashion_clip,7e3ba62ce16b379a1ab479346b66f192e76f51b7,unfiltered,B6,B
9,50248,0.32584172,fashion_clip,7e3ba62ce16b379a1ab479346b66f192e76f51b7,unfiltered,B6,B
10,40895,0.32532918,fashion_clip,7e3ba62ce16b379a1ab479346b66f192e76f51b7,unfiltered,B6,B
11,41174,0.3249727,fashion_clip,7e3ba62ce16b379a1ab479346b66f192e76f51b7,unfiltered,B6,B
12,5392,0.3244663,fashion_clip,7e3ba62ce16b379a1ab479346b66f192e76f51b7,unfiltered,B6,B
13,33310,0.32391664,fashion_clip,7e3ba62ce16b379a1ab479346b66f192e76f51b7,unfiltered,B6,B
14,18149,0.32363936,fashion_clip,7e3ba62ce16b379a1ab479346b66f192e76f51b7,unfiltered,B6,B
15,3063,0.3234837,fashion_clip,7e3ba62ce16b379a1ab479346b66f192e76f51b7,unfiltered,B6,B
16,36023,0.32315034,fashion_clip,7e3ba62ce16b379a1ab479346b66f192e76f51b7,unfiltered,B6,B
17,2399,0.32184055,fashion_clip,7e3ba62ce16b379a1ab479346b66f192e76f51b7,unfiltered,B6,B
18,3623,0.32094705,fashion_clip,7e3ba62ce16b379a1ab479346b66f192e76f51b7,unfiltered,B6,B
19,8447,0.31878227,fashion_clip,7e3ba62ce16b379a1ab479346b66f192e76f51b7,unfiltered,B6,B
20,40914,0.31872112,fashion_clip,7e3ba62ce16b379a1ab479346b66f192e76f51b7,unfiltered,B6,B
1,27626,0.34427088,fashion_clip,7e3ba62ce16b379a1ab479346b66f192e76f51b7,category_filter,B6,B
2,24177,0.33985096,fashion_clip,7e3ba62ce16b379a1ab479346b66f192e76f51b7,category_filter,B6,B
3,29345,0.33562994,fashion_clip,7e3ba62ce16b379a1ab479346b66f192e76f51b7,category_filter,B6,B
4,33355,0.33447206,fashion_clip,7e3ba62ce16b379a1ab479346b66f192e76f51b7,category_filter,B6,B
5,40154,0.33150983,fashion_clip,7e3ba62ce16b379a1ab479346b66f192e76f51b7,category_filter,B6,B
6,47458,0.33034968,fashion_clip,7e3ba62ce16b379a1ab479346b66f192e76f51b7,category_filter,B6,B
7,26099,0.3296786,fashion_clip,7e3ba62ce16b379a1ab479346b66f192e76f51b7,category_filter,B6,B
8,26616,0.32660794,fashion_clip,7e3ba62ce16b379a1ab479346b66f192e76f51b7,category_filter,B6,B
9,50248,0.32584172,fashion_clip,7e3ba62ce16b379a1ab479346b66f192e76f51b7,category_filter,B6,B
10,40895,0.32532918,fashion_clip,7e3ba62ce16b379a1ab479346b66f192e76f51b7,category_filter,B6,B
11,41174,0.3249727,fashion_clip,7e3ba62ce16b379a1ab479346b66f192e76f51b7,category_filter,B6,B
12,5392,0.3244663,fashion_clip,7e3ba62ce16b379a1ab479346b66f192e76f51b7,category_filter,B6,B
13,33310,0.32391664,fashion_clip,7e3ba62ce16b379a1ab479346b66f192e76f51b7,category_filter,B6,B
14,18149,0.32363936,fashion_clip,7e3ba62ce16b379a1ab479346b66f192e76f51b7,category_filter,B6,B
15,3063,0.3234837,fashion_clip,7e3ba62ce16b379a1ab479346b66f192e76f51b7,category_filter,B6,B
16,36023,0.32315034,fashion_clip,7e3ba62ce16b379a1ab479346b66f192e76f51b7,category_filter,B6,B
17,2399,0.32184055,fashion_clip,7e3ba62ce16b379a1ab479346b66f192e76f51b7,category_filter,B6,B
18,3623,0.32094705,fashion_clip,7e3ba62ce16b379a1ab479346b66f192e76f51b7,category_filter,B6,B
19,8447,0.31878227,fashion_clip,7e3ba62ce16b379a1ab479346b66f192e76f51b7,category_filter,B6,B
20,40914,0.31872112,fashion_clip,7e3ba62ce16b379a1ab479346b66f192e76f51b7,category_filter,B6,B
1,44848,0.34693214,fashion_clip,7e3ba62ce16b379a1ab479346b66f192e76f51b7,unfiltered,B7,B
2,30312,0.3301685,fashion_clip,7e3ba62ce16b379a1ab479346b66f192e76f51b7,unfiltered,B7,B
3,28146,0.3267261,fashion_clip,7e3ba62ce16b379a1ab479346b66f192e76f51b7,unfiltered,B7,B
4,50423,0.32607126,fashion_clip,7e3ba62ce16b379a1ab479346b66f192e76f51b7,unfiltered,B7,B
5,31247,0.32581383,fashion_clip,7e3ba62ce16b379a1ab479346b66f192e76f51b7,unfiltered,B7,B
6,36150,0.32398885,fashion_clip,7e3ba62ce16b379a1ab479346b66f192e76f51b7,unfiltered,B7,B
7,48408,0.32221293,fashion_clip,7e3ba62ce16b379a1ab479346b66f192e76f51b7,unfiltered,B7,B
8,39403,0.31939167,fashion_clip,7e3ba62ce16b379a1ab479346b66f192e76f51b7,unfiltered,B7,B
9,45238,0.31935126,fashion_clip,7e3ba62ce16b379a1ab479346b66f192e76f51b7,unfiltered,B7,B
10,40543,0.31928593,fashion_clip,7e3ba62ce16b379a1ab479346b66f192e76f51b7,unfiltered,B7,B
11,49268,0.31826606,fashion_clip,7e3ba62ce16b379a1ab479346b66f192e76f51b7,unfiltered,B7,B
12,29812,0.31586993,fashion_clip,7e3ba62ce16b379a1ab479346b66f192e76f51b7,unfiltered,B7,B
13,36955,0.31551602,fashion_clip,7e3ba62ce16b379a1ab479346b66f192e76f51b7,unfiltered,B7,B
14,40439,0.31466734,fashion_clip,7e3ba62ce16b379a1ab479346b66f192e76f51b7,unfiltered,B7,B
15,32310,0.31341368,fashion_clip,7e3ba62ce16b379a1ab479346b66f192e76f51b7,unfiltered,B7,B
16,425,0.31320244,fashion_clip,7e3ba62ce16b379a1ab479346b66f192e76f51b7,unfiltered,B7,B
17,2289,0.3127498,fashion_clip,7e3ba62ce16b379a1ab479346b66f192e76f51b7,unfiltered,B7,B
18,2472,0.312018,fashion_clip,7e3ba62ce16b379a1ab479346b66f192e76f51b7,unfiltered,B7,B
19,37422,0.31155863,fashion_clip,7e3ba62ce16b379a1ab479346b66f192e76f51b7,unfiltered,B7,B
20,36023,0.31038582,fashion_clip,7e3ba62ce16b379a1ab479346b66f192e76f51b7,unfiltered,B7,B
1,44848,0.34693214,fashion_clip,7e3ba62ce16b379a1ab479346b66f192e76f51b7,category_filter,B7,B
2,30312,0.3301685,fashion_clip,7e3ba62ce16b379a1ab479346b66f192e76f51b7,category_filter,B7,B
3,28146,0.3267261,fashion_clip,7e3ba62ce16b379a1ab479346b66f192e76f51b7,category_filter,B7,B
4,50423,0.32607126,fashion_clip,7e3ba62ce16b379a1ab479346b66f192e76f51b7,category_filter,B7,B
5,31247,0.32581383,fashion_clip,7e3ba62ce16b379a1ab479346b66f192e76f51b7,category_filter,B7,B
6,36150,0.32398885,fashion_clip,7e3ba62ce16b379a1ab479346b66f192e76f51b7,category_filter,B7,B
7,48408,0.32221293,fashion_clip,7e3ba62ce16b379a1ab479346b66f192e76f51b7,category_filter,B7,B
8,39403,0.31939167,fashion_clip,7e3ba62ce16b379a1ab479346b66f192e76f51b7,category_filter,B7,B
9,45238,0.31935126,fashion_clip,7e3ba62ce16b379a1ab479346b66f192e76f51b7,category_filter,B7,B
10,40543,0.31928593,fashion_clip,7e3ba62ce16b379a1ab479346b66f192e76f51b7,category_filter,B7,B
11,49268,0.31826606,fashion_clip,7e3ba62ce16b379a1ab479346b66f192e76f51b7,category_filter,B7,B
12,29812,0.31586993,fashion_clip,7e3ba62ce16b379a1ab479346b66f192e76f51b7,category_filter,B7,B
13,36955,0.31551602,fashion_clip,7e3ba62ce16b379a1ab479346b66f192e76f51b7,category_filter,B7,B
14,40439,0.31466734,fashion_clip,7e3ba62ce16b379a1ab479346b66f192e76f51b7,category_filter,B7,B
15,32310,0.31341368,fashion_clip,7e3ba62ce16b379a1ab479346b66f192e76f51b7,category_filter,B7,B
16,425,0.31320244,fashion_clip,7e3ba62ce16b379a1ab479346b66f192e76f51b7,category_filter,B7,B
17,2289,0.3127498,fashion_clip,7e3ba62ce16b379a1ab479346b66f192e76f51b7,category_filter,B7,B
18,2472,0.312018,fashion_clip,7e3ba62ce16b379a1ab479346b66f192e76f51b7,category_filter,B7,B
19,37422,0.31155863,fashion_clip,7e3ba62ce16b379a1ab479346b66f192e76f51b7,category_filter,B7,B
20,36023,0.31038582,fashion_clip,7e3ba62ce16b379a1ab479346b66f192e76f51b7,category_filter,B7,B
1,37964,0.35746595,fashion_clip,7e3ba62ce16b379a1ab479346b66f192e76f51b7,unfiltered,C1,C
2,13044,0.35385752,fashion_clip,7e3ba62ce16b379a1ab479346b66f192e76f51b7,unfiltered,C1,C
3,29538,0.35321367,fashion_clip,7e3ba62ce16b379a1ab479346b66f192e76f51b7,unfiltered,C1,C
4,44964,0.3521334,fashion_clip,7e3ba62ce16b379a1ab479346b66f192e76f51b7,unfiltered,C1,C
5,28701,0.35001206,fashion_clip,7e3ba62ce16b379a1ab479346b66f192e76f51b7,unfiltered,C1,C
6,31809,0.3497423,fashion_clip,7e3ba62ce16b379a1ab479346b66f192e76f51b7,unfiltered,C1,C
7,22038,0.3459241,fashion_clip,7e3ba62ce16b379a1ab479346b66f192e76f51b7,unfiltered,C1,C
8,15266,0.34416366,fashion_clip,7e3ba62ce16b379a1ab479346b66f192e76f51b7,unfiltered,C1,C
9,35198,0.3399595,fashion_clip,7e3ba62ce16b379a1ab479346b66f192e76f51b7,unfiltered,C1,C
10,36346,0.33958137,fashion_clip,7e3ba62ce16b379a1ab479346b66f192e76f51b7,unfiltered,C1,C
11,4257,0.3371442,fashion_clip,7e3ba62ce16b379a1ab479346b66f192e76f51b7,unfiltered,C1,C
12,10494,0.33713213,fashion_clip,7e3ba62ce16b379a1ab479346b66f192e76f51b7,unfiltered,C1,C
13,23266,0.33539551,fashion_clip,7e3ba62ce16b379a1ab479346b66f192e76f51b7,unfiltered,C1,C
14,25163,0.33526617,fashion_clip,7e3ba62ce16b379a1ab479346b66f192e76f51b7,unfiltered,C1,C
15,2863,0.3335701,fashion_clip,7e3ba62ce16b379a1ab479346b66f192e76f51b7,unfiltered,C1,C
16,21049,0.33297992,fashion_clip,7e3ba62ce16b379a1ab479346b66f192e76f51b7,unfiltered,C1,C
17,21081,0.33209148,fashion_clip,7e3ba62ce16b379a1ab479346b66f192e76f51b7,unfiltered,C1,C
18,5803,0.33202216,fashion_clip,7e3ba62ce16b379a1ab479346b66f192e76f51b7,unfiltered,C1,C
19,31829,0.33130145,fashion_clip,7e3ba62ce16b379a1ab479346b66f192e76f51b7,unfiltered,C1,C
20,25942,0.33014637,fashion_clip,7e3ba62ce16b379a1ab479346b66f192e76f51b7,unfiltered,C1,C
1,34224,0.37244084,fashion_clip,7e3ba62ce16b379a1ab479346b66f192e76f51b7,unfiltered,C2,C
2,47769,0.3697858,fashion_clip,7e3ba62ce16b379a1ab479346b66f192e76f51b7,unfiltered,C2,C
3,20703,0.3529164,fashion_clip,7e3ba62ce16b379a1ab479346b66f192e76f51b7,unfiltered,C2,C
4,46227,0.35154727,fashion_clip,7e3ba62ce16b379a1ab479346b66f192e76f51b7,unfiltered,C2,C
5,49557,0.3486945,fashion_clip,7e3ba62ce16b379a1ab479346b66f192e76f51b7,unfiltered,C2,C
6,7213,0.34819278,fashion_clip,7e3ba62ce16b379a1ab479346b66f192e76f51b7,unfiltered,C2,C
7,13359,0.34583387,fashion_clip,7e3ba62ce16b379a1ab479346b66f192e76f51b7,unfiltered,C2,C
8,42057,0.34332877,fashion_clip,7e3ba62ce16b379a1ab479346b66f192e76f51b7,unfiltered,C2,C
9,14296,0.3414776,fashion_clip,7e3ba62ce16b379a1ab479346b66f192e76f51b7,unfiltered,C2,C
10,33970,0.33834988,fashion_clip,7e3ba62ce16b379a1ab479346b66f192e76f51b7,unfiltered,C2,C
11,24659,0.3372106,fashion_clip,7e3ba62ce16b379a1ab479346b66f192e76f51b7,unfiltered,C2,C
12,23558,0.33664688,fashion_clip,7e3ba62ce16b379a1ab479346b66f192e76f51b7,unfiltered,C2,C
13,24546,0.33365136,fashion_clip,7e3ba62ce16b379a1ab479346b66f192e76f51b7,unfiltered,C2,C
14,999,0.33325976,fashion_clip,7e3ba62ce16b379a1ab479346b66f192e76f51b7,unfiltered,C2,C
15,880,0.33310825,fashion_clip,7e3ba62ce16b379a1ab479346b66f192e76f51b7,unfiltered,C2,C
16,21949,0.33294797,fashion_clip,7e3ba62ce16b379a1ab479346b66f192e76f51b7,unfiltered,C2,C
17,38878,0.3313838,fashion_clip,7e3ba62ce16b379a1ab479346b66f192e76f51b7,unfiltered,C2,C
18,27290,0.33120638,fashion_clip,7e3ba62ce16b379a1ab479346b66f192e76f51b7,unfiltered,C2,C
19,44707,0.33071244,fashion_clip,7e3ba62ce16b379a1ab479346b66f192e76f51b7,unfiltered,C2,C
20,22984,0.329903,fashion_clip,7e3ba62ce16b379a1ab479346b66f192e76f51b7,unfiltered,C2,C
1,3234,0.3672039,fashion_clip,7e3ba62ce16b379a1ab479346b66f192e76f51b7,unfiltered,C3,C
2,25048,0.35665095,fashion_clip,7e3ba62ce16b379a1ab479346b66f192e76f51b7,unfiltered,C3,C
3,34849,0.35445437,fashion_clip,7e3ba62ce16b379a1ab479346b66f192e76f51b7,unfiltered,C3,C
4,8176,0.34827092,fashion_clip,7e3ba62ce16b379a1ab479346b66f192e76f51b7,unfiltered,C3,C
5,18205,0.34749222,fashion_clip,7e3ba62ce16b379a1ab479346b66f192e76f51b7,unfiltered,C3,C
6,33723,0.34667706,fashion_clip,7e3ba62ce16b379a1ab479346b66f192e76f51b7,unfiltered,C3,C
7,27307,0.34488916,fashion_clip,7e3ba62ce16b379a1ab479346b66f192e76f51b7,unfiltered,C3,C
8,48386,0.34462538,fashion_clip,7e3ba62ce16b379a1ab479346b66f192e76f51b7,unfiltered,C3,C
9,45093,0.34330148,fashion_clip,7e3ba62ce16b379a1ab479346b66f192e76f51b7,unfiltered,C3,C
10,13107,0.3413022,fashion_clip,7e3ba62ce16b379a1ab479346b66f192e76f51b7,unfiltered,C3,C
11,34971,0.3412472,fashion_clip,7e3ba62ce16b379a1ab479346b66f192e76f51b7,unfiltered,C3,C
12,6819,0.34063405,fashion_clip,7e3ba62ce16b379a1ab479346b66f192e76f51b7,unfiltered,C3,C
13,22942,0.3401463,fashion_clip,7e3ba62ce16b379a1ab479346b66f192e76f51b7,unfiltered,C3,C
14,22256,0.33990166,fashion_clip,7e3ba62ce16b379a1ab479346b66f192e76f51b7,unfiltered,C3,C
15,10311,0.3391613,fashion_clip,7e3ba62ce16b379a1ab479346b66f192e76f51b7,unfiltered,C3,C
16,23805,0.33883333,fashion_clip,7e3ba62ce16b379a1ab479346b66f192e76f51b7,unfiltered,C3,C
17,18431,0.33734056,fashion_clip,7e3ba62ce16b379a1ab479346b66f192e76f51b7,unfiltered,C3,C
18,17999,0.33731493,fashion_clip,7e3ba62ce16b379a1ab479346b66f192e76f51b7,unfiltered,C3,C
19,1156,0.33731338,fashion_clip,7e3ba62ce16b379a1ab479346b66f192e76f51b7,unfiltered,C3,C
20,46925,0.3366472,fashion_clip,7e3ba62ce16b379a1ab479346b66f192e76f51b7,unfiltered,C3,C
1,46227,0.35919464,fashion_clip,7e3ba62ce16b379a1ab479346b66f192e76f51b7,unfiltered,C4,C
2,7834,0.3456437,fashion_clip,7e3ba62ce16b379a1ab479346b66f192e76f51b7,unfiltered,C4,C
3,37033,0.34434503,fashion_clip,7e3ba62ce16b379a1ab479346b66f192e76f51b7,unfiltered,C4,C
4,36187,0.3428781,fashion_clip,7e3ba62ce16b379a1ab479346b66f192e76f51b7,unfiltered,C4,C
5,44278,0.33853397,fashion_clip,7e3ba62ce16b379a1ab479346b66f192e76f51b7,unfiltered,C4,C
6,21769,0.33683816,fashion_clip,7e3ba62ce16b379a1ab479346b66f192e76f51b7,unfiltered,C4,C
7,3978,0.33546028,fashion_clip,7e3ba62ce16b379a1ab479346b66f192e76f51b7,unfiltered,C4,C
8,33330,0.33473915,fashion_clip,7e3ba62ce16b379a1ab479346b66f192e76f51b7,unfiltered,C4,C
9,26037,0.3337598,fashion_clip,7e3ba62ce16b379a1ab479346b66f192e76f51b7,unfiltered,C4,C
10,42057,0.33338964,fashion_clip,7e3ba62ce16b379a1ab479346b66f192e76f51b7,unfiltered,C4,C
11,45857,0.3329817,fashion_clip,7e3ba62ce16b379a1ab479346b66f192e76f51b7,unfiltered,C4,C
12,26015,0.3318007,fashion_clip,7e3ba62ce16b379a1ab479346b66f192e76f51b7,unfiltered,C4,C
13,42833,0.3314119,fashion_clip,7e3ba62ce16b379a1ab479346b66f192e76f51b7,unfiltered,C4,C
14,13066,0.3311967,fashion_clip,7e3ba62ce16b379a1ab479346b66f192e76f51b7,unfiltered,C4,C
15,28165,0.32975683,fashion_clip,7e3ba62ce16b379a1ab479346b66f192e76f51b7,unfiltered,C4,C
16,14523,0.32890096,fashion_clip,7e3ba62ce16b379a1ab479346b66f192e76f51b7,unfiltered,C4,C
17,33836,0.32829344,fashion_clip,7e3ba62ce16b379a1ab479346b66f192e76f51b7,unfiltered,C4,C
18,37928,0.32817906,fashion_clip,7e3ba62ce16b379a1ab479346b66f192e76f51b7,unfiltered,C4,C
19,50360,0.3279113,fashion_clip,7e3ba62ce16b379a1ab479346b66f192e76f51b7,unfiltered,C4,C
20,12733,0.3279044,fashion_clip,7e3ba62ce16b379a1ab479346b66f192e76f51b7,unfiltered,C4,C
1,38303,0.37235197,fashion_clip,7e3ba62ce16b379a1ab479346b66f192e76f51b7,unfiltered,D1,D
2,25863,0.3682235,fashion_clip,7e3ba62ce16b379a1ab479346b66f192e76f51b7,unfiltered,D1,D
3,31593,0.3640703,fashion_clip,7e3ba62ce16b379a1ab479346b66f192e76f51b7,unfiltered,D1,D
4,17399,0.3631698,fashion_clip,7e3ba62ce16b379a1ab479346b66f192e76f51b7,unfiltered,D1,D
5,35492,0.36313856,fashion_clip,7e3ba62ce16b379a1ab479346b66f192e76f51b7,unfiltered,D1,D
6,47601,0.36267743,fashion_clip,7e3ba62ce16b379a1ab479346b66f192e76f51b7,unfiltered,D1,D
7,13858,0.36031634,fashion_clip,7e3ba62ce16b379a1ab479346b66f192e76f51b7,unfiltered,D1,D
8,45112,0.35990542,fashion_clip,7e3ba62ce16b379a1ab479346b66f192e76f51b7,unfiltered,D1,D
9,34705,0.35978943,fashion_clip,7e3ba62ce16b379a1ab479346b66f192e76f51b7,unfiltered,D1,D
10,27038,0.35915774,fashion_clip,7e3ba62ce16b379a1ab479346b66f192e76f51b7,unfiltered,D1,D
11,26629,0.3576959,fashion_clip,7e3ba62ce16b379a1ab479346b66f192e76f51b7,unfiltered,D1,D
12,18079,0.35655814,fashion_clip,7e3ba62ce16b379a1ab479346b66f192e76f51b7,unfiltered,D1,D
13,3067,0.35531747,fashion_clip,7e3ba62ce16b379a1ab479346b66f192e76f51b7,unfiltered,D1,D
14,46527,0.3534814,fashion_clip,7e3ba62ce16b379a1ab479346b66f192e76f51b7,unfiltered,D1,D
15,46769,0.35344312,fashion_clip,7e3ba62ce16b379a1ab479346b66f192e76f51b7,unfiltered,D1,D
16,27049,0.35166857,fashion_clip,7e3ba62ce16b379a1ab479346b66f192e76f51b7,unfiltered,D1,D
17,34971,0.351174,fashion_clip,7e3ba62ce16b379a1ab479346b66f192e76f51b7,unfiltered,D1,D
18,35575,0.35061723,fashion_clip,7e3ba62ce16b379a1ab479346b66f192e76f51b7,unfiltered,D1,D
19,33421,0.34901878,fashion_clip,7e3ba62ce16b379a1ab479346b66f192e76f51b7,unfiltered,D1,D
20,45370,0.34884644,fashion_clip,7e3ba62ce16b379a1ab479346b66f192e76f51b7,unfiltered,D1,D
1,18387,0.33176512,fashion_clip,7e3ba62ce16b379a1ab479346b66f192e76f51b7,unfiltered,D2,D
2,562,0.32916033,fashion_clip,7e3ba62ce16b379a1ab479346b66f192e76f51b7,unfiltered,D2,D
3,38035,0.32890952,fashion_clip,7e3ba62ce16b379a1ab479346b66f192e76f51b7,unfiltered,D2,D
4,44742,0.32863665,fashion_clip,7e3ba62ce16b379a1ab479346b66f192e76f51b7,unfiltered,D2,D
5,22974,0.32836902,fashion_clip,7e3ba62ce16b379a1ab479346b66f192e76f51b7,unfiltered,D2,D
6,18972,0.32813495,fashion_clip,7e3ba62ce16b379a1ab479346b66f192e76f51b7,unfiltered,D2,D
7,44153,0.32664943,fashion_clip,7e3ba62ce16b379a1ab479346b66f192e76f51b7,unfiltered,D2,D
8,28449,0.32291383,fashion_clip,7e3ba62ce16b379a1ab479346b66f192e76f51b7,unfiltered,D2,D
9,34105,0.32266504,fashion_clip,7e3ba62ce16b379a1ab479346b66f192e76f51b7,unfiltered,D2,D
10,42685,0.3206343,fashion_clip,7e3ba62ce16b379a1ab479346b66f192e76f51b7,unfiltered,D2,D
11,11357,0.3202297,fashion_clip,7e3ba62ce16b379a1ab479346b66f192e76f51b7,unfiltered,D2,D
12,33376,0.32010758,fashion_clip,7e3ba62ce16b379a1ab479346b66f192e76f51b7,unfiltered,D2,D
13,39343,0.32005882,fashion_clip,7e3ba62ce16b379a1ab479346b66f192e76f51b7,unfiltered,D2,D
14,43138,0.32002676,fashion_clip,7e3ba62ce16b379a1ab479346b66f192e76f51b7,unfiltered,D2,D
15,24047,0.31983852,fashion_clip,7e3ba62ce16b379a1ab479346b66f192e76f51b7,unfiltered,D2,D
16,7857,0.31900558,fashion_clip,7e3ba62ce16b379a1ab479346b66f192e76f51b7,unfiltered,D2,D
17,18442,0.3182607,fashion_clip,7e3ba62ce16b379a1ab479346b66f192e76f51b7,unfiltered,D2,D
18,39753,0.31786355,fashion_clip,7e3ba62ce16b379a1ab479346b66f192e76f51b7,unfiltered,D2,D
19,31294,0.31636932,fashion_clip,7e3ba62ce16b379a1ab479346b66f192e76f51b7,unfiltered,D2,D
20,42110,0.31566858,fashion_clip,7e3ba62ce16b379a1ab479346b66f192e76f51b7,unfiltered,D2,D
1,45685,0.32267374,fashion_clip,7e3ba62ce16b379a1ab479346b66f192e76f51b7,unfiltered,D3,D
2,45402,0.32250357,fashion_clip,7e3ba62ce16b379a1ab479346b66f192e76f51b7,unfiltered,D3,D
3,40388,0.3195712,fashion_clip,7e3ba62ce16b379a1ab479346b66f192e76f51b7,unfiltered,D3,D
4,49492,0.31753916,fashion_clip,7e3ba62ce16b379a1ab479346b66f192e76f51b7,unfiltered,D3,D
5,17838,0.3112127,fashion_clip,7e3ba62ce16b379a1ab479346b66f192e76f51b7,unfiltered,D3,D
6,6691,0.3104589,fashion_clip,7e3ba62ce16b379a1ab479346b66f192e76f51b7,unfiltered,D3,D
7,24680,0.30964458,fashion_clip,7e3ba62ce16b379a1ab479346b66f192e76f51b7,unfiltered,D3,D
8,5946,0.30896947,fashion_clip,7e3ba62ce16b379a1ab479346b66f192e76f51b7,unfiltered,D3,D
9,20346,0.30896363,fashion_clip,7e3ba62ce16b379a1ab479346b66f192e76f51b7,unfiltered,D3,D
10,40752,0.3070859,fashion_clip,7e3ba62ce16b379a1ab479346b66f192e76f51b7,unfiltered,D3,D
11,23838,0.30702013,fashion_clip,7e3ba62ce16b379a1ab479346b66f192e76f51b7,unfiltered,D3,D
12,2095,0.30618018,fashion_clip,7e3ba62ce16b379a1ab479346b66f192e76f51b7,unfiltered,D3,D
13,8648,0.30610758,fashion_clip,7e3ba62ce16b379a1ab479346b66f192e76f51b7,unfiltered,D3,D
14,2364,0.30556446,fashion_clip,7e3ba62ce16b379a1ab479346b66f192e76f51b7,unfiltered,D3,D
15,99,0.30501115,fashion_clip,7e3ba62ce16b379a1ab479346b66f192e76f51b7,unfiltered,D3,D
16,16394,0.30463818,fashion_clip,7e3ba62ce16b379a1ab479346b66f192e76f51b7,unfiltered,D3,D
17,16616,0.30437675,fashion_clip,7e3ba62ce16b379a1ab479346b66f192e76f51b7,unfiltered,D3,D
18,37510,0.30433044,fashion_clip,7e3ba62ce16b379a1ab479346b66f192e76f51b7,unfiltered,D3,D
19,36858,0.30422902,fashion_clip,7e3ba62ce16b379a1ab479346b66f192e76f51b7,unfiltered,D3,D
20,27521,0.30421206,fashion_clip,7e3ba62ce16b379a1ab479346b66f192e76f51b7,unfiltered,D3,D
1,25863,0.34372693,fashion_clip,7e3ba62ce16b379a1ab479346b66f192e76f51b7,unfiltered,D4,D
2,28505,0.34032884,fashion_clip,7e3ba62ce16b379a1ab479346b66f192e76f51b7,unfiltered,D4,D
3,46191,0.33840948,fashion_clip,7e3ba62ce16b379a1ab479346b66f192e76f51b7,unfiltered,D4,D
4,42551,0.3382277,fashion_clip,7e3ba62ce16b379a1ab479346b66f192e76f51b7,unfiltered,D4,D
5,31346,0.33361018,fashion_clip,7e3ba62ce16b379a1ab479346b66f192e76f51b7,unfiltered,D4,D
6,47763,0.33312577,fashion_clip,7e3ba62ce16b379a1ab479346b66f192e76f51b7,unfiltered,D4,D
7,28980,0.3282808,fashion_clip,7e3ba62ce16b379a1ab479346b66f192e76f51b7,unfiltered,D4,D
8,40785,0.3278303,fashion_clip,7e3ba62ce16b379a1ab479346b66f192e76f51b7,unfiltered,D4,D
9,7836,0.32772857,fashion_clip,7e3ba62ce16b379a1ab479346b66f192e76f51b7,unfiltered,D4,D
10,32822,0.32687643,fashion_clip,7e3ba62ce16b379a1ab479346b66f192e76f51b7,unfiltered,D4,D
11,47481,0.32494384,fashion_clip,7e3ba62ce16b379a1ab479346b66f192e76f51b7,unfiltered,D4,D
12,31697,0.3249107,fashion_clip,7e3ba62ce16b379a1ab479346b66f192e76f51b7,unfiltered,D4,D
13,24370,0.32325935,fashion_clip,7e3ba62ce16b379a1ab479346b66f192e76f51b7,unfiltered,D4,D
14,7815,0.32271078,fashion_clip,7e3ba62ce16b379a1ab479346b66f192e76f51b7,unfiltered,D4,D
15,33804,0.32129258,fashion_clip,7e3ba62ce16b379a1ab479346b66f192e76f51b7,unfiltered,D4,D
16,32035,0.32116896,fashion_clip,7e3ba62ce16b379a1ab479346b66f192e76f51b7,unfiltered,D4,D
17,36851,0.3207945,fashion_clip,7e3ba62ce16b379a1ab479346b66f192e76f51b7,unfiltered,D4,D
18,36316,0.3196959,fashion_clip,7e3ba62ce16b379a1ab479346b66f192e76f51b7,unfiltered,D4,D
19,35120,0.31956118,fashion_clip,7e3ba62ce16b379a1ab479346b66f192e76f51b7,unfiltered,D4,D
20,31237,0.31923285,fashion_clip,7e3ba62ce16b379a1ab479346b66f192e76f51b7,unfiltered,D4,D
1,33378,0.31268704,clip_vit_b32,3d74acf9a28c67741b2f4f2ea7635f0aaf6f0268,unfiltered,A1,A
2,38509,0.30436984,clip_vit_b32,3d74acf9a28c67741b2f4f2ea7635f0aaf6f0268,unfiltered,A1,A
3,40039,0.30347717,clip_vit_b32,3d74acf9a28c67741b2f4f2ea7635f0aaf6f0268,unfiltered,A1,A
4,32459,0.3031985,clip_vit_b32,3d74acf9a28c67741b2f4f2ea7635f0aaf6f0268,unfiltered,A1,A
5,25118,0.3024209,clip_vit_b32,3d74acf9a28c67741b2f4f2ea7635f0aaf6f0268,unfiltered,A1,A
6,14067,0.30165595,clip_vit_b32,3d74acf9a28c67741b2f4f2ea7635f0aaf6f0268,unfiltered,A1,A
7,42462,0.301295,clip_vit_b32,3d74acf9a28c67741b2f4f2ea7635f0aaf6f0268,unfiltered,A1,A
8,9218,0.29903185,clip_vit_b32,3d74acf9a28c67741b2f4f2ea7635f0aaf6f0268,unfiltered,A1,A
9,44241,0.29840618,clip_vit_b32,3d74acf9a28c67741b2f4f2ea7635f0aaf6f0268,unfiltered,A1,A
10,38894,0.29763615,clip_vit_b32,3d74acf9a28c67741b2f4f2ea7635f0aaf6f0268,unfiltered,A1,A
11,40581,0.29698882,clip_vit_b32,3d74acf9a28c67741b2f4f2ea7635f0aaf6f0268,unfiltered,A1,A
12,37177,0.29640704,clip_vit_b32,3d74acf9a28c67741b2f4f2ea7635f0aaf6f0268,unfiltered,A1,A
13,38781,0.2961795,clip_vit_b32,3d74acf9a28c67741b2f4f2ea7635f0aaf6f0268,unfiltered,A1,A
14,30810,0.29539126,clip_vit_b32,3d74acf9a28c67741b2f4f2ea7635f0aaf6f0268,unfiltered,A1,A
15,44252,0.2947716,clip_vit_b32,3d74acf9a28c67741b2f4f2ea7635f0aaf6f0268,unfiltered,A1,A
16,9673,0.29461193,clip_vit_b32,3d74acf9a28c67741b2f4f2ea7635f0aaf6f0268,unfiltered,A1,A
17,29170,0.29456666,clip_vit_b32,3d74acf9a28c67741b2f4f2ea7635f0aaf6f0268,unfiltered,A1,A
18,43228,0.29327285,clip_vit_b32,3d74acf9a28c67741b2f4f2ea7635f0aaf6f0268,unfiltered,A1,A
19,28758,0.2927594,clip_vit_b32,3d74acf9a28c67741b2f4f2ea7635f0aaf6f0268,unfiltered,A1,A
20,27372,0.29240736,clip_vit_b32,3d74acf9a28c67741b2f4f2ea7635f0aaf6f0268,unfiltered,A1,A
1,32959,0.31494287,clip_vit_b32,3d74acf9a28c67741b2f4f2ea7635f0aaf6f0268,unfiltered,A2,A
2,49296,0.31228018,clip_vit_b32,3d74acf9a28c67741b2f4f2ea7635f0aaf6f0268,unfiltered,A2,A
3,44431,0.30822295,clip_vit_b32,3d74acf9a28c67741b2f4f2ea7635f0aaf6f0268,unfiltered,A2,A
4,35266,0.30793467,clip_vit_b32,3d74acf9a28c67741b2f4f2ea7635f0aaf6f0268,unfiltered,A2,A
5,45785,0.30791274,clip_vit_b32,3d74acf9a28c67741b2f4f2ea7635f0aaf6f0268,unfiltered,A2,A
6,34684,0.30787507,clip_vit_b32,3d74acf9a28c67741b2f4f2ea7635f0aaf6f0268,unfiltered,A2,A
7,16873,0.30739,clip_vit_b32,3d74acf9a28c67741b2f4f2ea7635f0aaf6f0268,unfiltered,A2,A
8,39017,0.30678853,clip_vit_b32,3d74acf9a28c67741b2f4f2ea7635f0aaf6f0268,unfiltered,A2,A
9,3534,0.3051602,clip_vit_b32,3d74acf9a28c67741b2f4f2ea7635f0aaf6f0268,unfiltered,A2,A
10,42849,0.3036891,clip_vit_b32,3d74acf9a28c67741b2f4f2ea7635f0aaf6f0268,unfiltered,A2,A
11,43767,0.303574,clip_vit_b32,3d74acf9a28c67741b2f4f2ea7635f0aaf6f0268,unfiltered,A2,A
12,46860,0.30223784,clip_vit_b32,3d74acf9a28c67741b2f4f2ea7635f0aaf6f0268,unfiltered,A2,A
13,49879,0.3021647,clip_vit_b32,3d74acf9a28c67741b2f4f2ea7635f0aaf6f0268,unfiltered,A2,A
14,48151,0.3018223,clip_vit_b32,3d74acf9a28c67741b2f4f2ea7635f0aaf6f0268,unfiltered,A2,A
15,32332,0.30179277,clip_vit_b32,3d74acf9a28c67741b2f4f2ea7635f0aaf6f0268,unfiltered,A2,A
16,16625,0.30097765,clip_vit_b32,3d74acf9a28c67741b2f4f2ea7635f0aaf6f0268,unfiltered,A2,A
17,28519,0.30097538,clip_vit_b32,3d74acf9a28c67741b2f4f2ea7635f0aaf6f0268,unfiltered,A2,A
18,38562,0.30059534,clip_vit_b32,3d74acf9a28c67741b2f4f2ea7635f0aaf6f0268,unfiltered,A2,A
19,34161,0.30047128,clip_vit_b32,3d74acf9a28c67741b2f4f2ea7635f0aaf6f0268,unfiltered,A2,A
20,26562,0.30029243,clip_vit_b32,3d74acf9a28c67741b2f4f2ea7635f0aaf6f0268,unfiltered,A2,A
1,22146,0.29626104,clip_vit_b32,3d74acf9a28c67741b2f4f2ea7635f0aaf6f0268,unfiltered,A3,A
2,24688,0.29515368,clip_vit_b32,3d74acf9a28c67741b2f4f2ea7635f0aaf6f0268,unfiltered,A3,A
3,43274,0.29461235,clip_vit_b32,3d74acf9a28c67741b2f4f2ea7635f0aaf6f0268,unfiltered,A3,A
4,48369,0.29426828,clip_vit_b32,3d74acf9a28c67741b2f4f2ea7635f0aaf6f0268,unfiltered,A3,A
5,49191,0.29257095,clip_vit_b32,3d74acf9a28c67741b2f4f2ea7635f0aaf6f0268,unfiltered,A3,A
6,43571,0.292285,clip_vit_b32,3d74acf9a28c67741b2f4f2ea7635f0aaf6f0268,unfiltered,A3,A
7,24740,0.29186016,clip_vit_b32,3d74acf9a28c67741b2f4f2ea7635f0aaf6f0268,unfiltered,A3,A
8,42905,0.2916672,clip_vit_b32,3d74acf9a28c67741b2f4f2ea7635f0aaf6f0268,unfiltered,A3,A
9,7907,0.2904916,clip_vit_b32,3d74acf9a28c67741b2f4f2ea7635f0aaf6f0268,unfiltered,A3,A
10,37046,0.29048574,clip_vit_b32,3d74acf9a28c67741b2f4f2ea7635f0aaf6f0268,unfiltered,A3,A
11,49360,0.2903902,clip_vit_b32,3d74acf9a28c67741b2f4f2ea7635f0aaf6f0268,unfiltered,A3,A
12,49357,0.2903751,clip_vit_b32,3d74acf9a28c67741b2f4f2ea7635f0aaf6f0268,unfiltered,A3,A
13,31043,0.28960443,clip_vit_b32,3d74acf9a28c67741b2f4f2ea7635f0aaf6f0268,unfiltered,A3,A
14,19477,0.28854424,clip_vit_b32,3d74acf9a28c67741b2f4f2ea7635f0aaf6f0268,unfiltered,A3,A
15,6605,0.28800738,clip_vit_b32,3d74acf9a28c67741b2f4f2ea7635f0aaf6f0268,unfiltered,A3,A
16,32416,0.28741217,clip_vit_b32,3d74acf9a28c67741b2f4f2ea7635f0aaf6f0268,unfiltered,A3,A
17,19921,0.28730294,clip_vit_b32,3d74acf9a28c67741b2f4f2ea7635f0aaf6f0268,unfiltered,A3,A
18,23561,0.2871653,clip_vit_b32,3d74acf9a28c67741b2f4f2ea7635f0aaf6f0268,unfiltered,A3,A
19,46728,0.2870834,clip_vit_b32,3d74acf9a28c67741b2f4f2ea7635f0aaf6f0268,unfiltered,A3,A
20,946,0.28694594,clip_vit_b32,3d74acf9a28c67741b2f4f2ea7635f0aaf6f0268,unfiltered,A3,A
1,134,0.292149,clip_vit_b32,3d74acf9a28c67741b2f4f2ea7635f0aaf6f0268,unfiltered,A4,A
2,46058,0.2873943,clip_vit_b32,3d74acf9a28c67741b2f4f2ea7635f0aaf6f0268,unfiltered,A4,A
3,6025,0.2853738,clip_vit_b32,3d74acf9a28c67741b2f4f2ea7635f0aaf6f0268,unfiltered,A4,A
4,14067,0.28462863,clip_vit_b32,3d74acf9a28c67741b2f4f2ea7635f0aaf6f0268,unfiltered,A4,A
5,46901,0.28439856,clip_vit_b32,3d74acf9a28c67741b2f4f2ea7635f0aaf6f0268,unfiltered,A4,A
6,3234,0.2843833,clip_vit_b32,3d74acf9a28c67741b2f4f2ea7635f0aaf6f0268,unfiltered,A4,A
7,3081,0.28434202,clip_vit_b32,3d74acf9a28c67741b2f4f2ea7635f0aaf6f0268,unfiltered,A4,A
8,1156,0.28314283,clip_vit_b32,3d74acf9a28c67741b2f4f2ea7635f0aaf6f0268,unfiltered,A4,A
9,7565,0.28185806,clip_vit_b32,3d74acf9a28c67741b2f4f2ea7635f0aaf6f0268,unfiltered,A4,A
10,23913,0.28158188,clip_vit_b32,3d74acf9a28c67741b2f4f2ea7635f0aaf6f0268,unfiltered,A4,A
11,4022,0.28146333,clip_vit_b32,3d74acf9a28c67741b2f4f2ea7635f0aaf6f0268,unfiltered,A4,A
12,7192,0.28102106,clip_vit_b32,3d74acf9a28c67741b2f4f2ea7635f0aaf6f0268,unfiltered,A4,A
13,8575,0.28051588,clip_vit_b32,3d74acf9a28c67741b2f4f2ea7635f0aaf6f0268,unfiltered,A4,A
14,27972,0.28042442,clip_vit_b32,3d74acf9a28c67741b2f4f2ea7635f0aaf6f0268,unfiltered,A4,A
15,35544,0.27948767,clip_vit_b32,3d74acf9a28c67741b2f4f2ea7635f0aaf6f0268,unfiltered,A4,A
16,1369,0.2793349,clip_vit_b32,3d74acf9a28c67741b2f4f2ea7635f0aaf6f0268,unfiltered,A4,A
17,24244,0.27925164,clip_vit_b32,3d74acf9a28c67741b2f4f2ea7635f0aaf6f0268,unfiltered,A4,A
18,32143,0.2791242,clip_vit_b32,3d74acf9a28c67741b2f4f2ea7635f0aaf6f0268,unfiltered,A4,A
19,31518,0.27898818,clip_vit_b32,3d74acf9a28c67741b2f4f2ea7635f0aaf6f0268,unfiltered,A4,A
20,42119,0.2789111,clip_vit_b32,3d74acf9a28c67741b2f4f2ea7635f0aaf6f0268,unfiltered,A4,A
1,45492,0.31240967,clip_vit_b32,3d74acf9a28c67741b2f4f2ea7635f0aaf6f0268,unfiltered,A5,A
2,15020,0.30868438,clip_vit_b32,3d74acf9a28c67741b2f4f2ea7635f0aaf6f0268,unfiltered,A5,A
3,13161,0.30632842,clip_vit_b32,3d74acf9a28c67741b2f4f2ea7635f0aaf6f0268,unfiltered,A5,A
4,14091,0.30619052,clip_vit_b32,3d74acf9a28c67741b2f4f2ea7635f0aaf6f0268,unfiltered,A5,A
5,18527,0.2977837,clip_vit_b32,3d74acf9a28c67741b2f4f2ea7635f0aaf6f0268,unfiltered,A5,A
6,8532,0.29598138,clip_vit_b32,3d74acf9a28c67741b2f4f2ea7635f0aaf6f0268,unfiltered,A5,A
7,24125,0.2959454,clip_vit_b32,3d74acf9a28c67741b2f4f2ea7635f0aaf6f0268,unfiltered,A5,A
8,13295,0.29534256,clip_vit_b32,3d74acf9a28c67741b2f4f2ea7635f0aaf6f0268,unfiltered,A5,A
9,9499,0.2949974,clip_vit_b32,3d74acf9a28c67741b2f4f2ea7635f0aaf6f0268,unfiltered,A5,A
10,27080,0.29476926,clip_vit_b32,3d74acf9a28c67741b2f4f2ea7635f0aaf6f0268,unfiltered,A5,A
11,5705,0.29316384,clip_vit_b32,3d74acf9a28c67741b2f4f2ea7635f0aaf6f0268,unfiltered,A5,A
12,14702,0.29185003,clip_vit_b32,3d74acf9a28c67741b2f4f2ea7635f0aaf6f0268,unfiltered,A5,A
13,8230,0.29121253,clip_vit_b32,3d74acf9a28c67741b2f4f2ea7635f0aaf6f0268,unfiltered,A5,A
14,23826,0.28993243,clip_vit_b32,3d74acf9a28c67741b2f4f2ea7635f0aaf6f0268,unfiltered,A5,A
15,22306,0.28821853,clip_vit_b32,3d74acf9a28c67741b2f4f2ea7635f0aaf6f0268,unfiltered,A5,A
16,8933,0.287365,clip_vit_b32,3d74acf9a28c67741b2f4f2ea7635f0aaf6f0268,unfiltered,A5,A
17,25571,0.28613755,clip_vit_b32,3d74acf9a28c67741b2f4f2ea7635f0aaf6f0268,unfiltered,A5,A
18,1990,0.28605744,clip_vit_b32,3d74acf9a28c67741b2f4f2ea7635f0aaf6f0268,unfiltered,A5,A
19,7631,0.28579217,clip_vit_b32,3d74acf9a28c67741b2f4f2ea7635f0aaf6f0268,unfiltered,A5,A
20,37676,0.28555298,clip_vit_b32,3d74acf9a28c67741b2f4f2ea7635f0aaf6f0268,unfiltered,A5,A
1,26110,0.32075137,clip_vit_b32,3d74acf9a28c67741b2f4f2ea7635f0aaf6f0268,unfiltered,B1,B
2,28512,0.3199514,clip_vit_b32,3d74acf9a28c67741b2f4f2ea7635f0aaf6f0268,unfiltered,B1,B
3,31154,0.31846946,clip_vit_b32,3d74acf9a28c67741b2f4f2ea7635f0aaf6f0268,unfiltered,B1,B
4,46385,0.3179018,clip_vit_b32,3d74acf9a28c67741b2f4f2ea7635f0aaf6f0268,unfiltered,B1,B
5,32443,0.31784832,clip_vit_b32,3d74acf9a28c67741b2f4f2ea7635f0aaf6f0268,unfiltered,B1,B
6,41345,0.31682348,clip_vit_b32,3d74acf9a28c67741b2f4f2ea7635f0aaf6f0268,unfiltered,B1,B
7,35807,0.3127323,clip_vit_b32,3d74acf9a28c67741b2f4f2ea7635f0aaf6f0268,unfiltered,B1,B
8,39649,0.3117879,clip_vit_b32,3d74acf9a28c67741b2f4f2ea7635f0aaf6f0268,unfiltered,B1,B
9,42065,0.30965137,clip_vit_b32,3d74acf9a28c67741b2f4f2ea7635f0aaf6f0268,unfiltered,B1,B
10,38808,0.3092947,clip_vit_b32,3d74acf9a28c67741b2f4f2ea7635f0aaf6f0268,unfiltered,B1,B
11,41477,0.30785373,clip_vit_b32,3d74acf9a28c67741b2f4f2ea7635f0aaf6f0268,unfiltered,B1,B
12,17287,0.3077729,clip_vit_b32,3d74acf9a28c67741b2f4f2ea7635f0aaf6f0268,unfiltered,B1,B
13,31931,0.30696487,clip_vit_b32,3d74acf9a28c67741b2f4f2ea7635f0aaf6f0268,unfiltered,B1,B
14,41560,0.30693477,clip_vit_b32,3d74acf9a28c67741b2f4f2ea7635f0aaf6f0268,unfiltered,B1,B
15,50006,0.30688864,clip_vit_b32,3d74acf9a28c67741b2f4f2ea7635f0aaf6f0268,unfiltered,B1,B
16,22783,0.30609024,clip_vit_b32,3d74acf9a28c67741b2f4f2ea7635f0aaf6f0268,unfiltered,B1,B
17,47133,0.3058202,clip_vit_b32,3d74acf9a28c67741b2f4f2ea7635f0aaf6f0268,unfiltered,B1,B
18,17974,0.30482048,clip_vit_b32,3d74acf9a28c67741b2f4f2ea7635f0aaf6f0268,unfiltered,B1,B
19,36172,0.3046995,clip_vit_b32,3d74acf9a28c67741b2f4f2ea7635f0aaf6f0268,unfiltered,B1,B
20,34502,0.3044976,clip_vit_b32,3d74acf9a28c67741b2f4f2ea7635f0aaf6f0268,unfiltered,B1,B
1,26110,0.32075137,clip_vit_b32,3d74acf9a28c67741b2f4f2ea7635f0aaf6f0268,category_filter,B1,B
2,28512,0.3199514,clip_vit_b32,3d74acf9a28c67741b2f4f2ea7635f0aaf6f0268,category_filter,B1,B
3,31154,0.31846946,clip_vit_b32,3d74acf9a28c67741b2f4f2ea7635f0aaf6f0268,category_filter,B1,B
4,46385,0.3179018,clip_vit_b32,3d74acf9a28c67741b2f4f2ea7635f0aaf6f0268,category_filter,B1,B
5,32443,0.31784832,clip_vit_b32,3d74acf9a28c67741b2f4f2ea7635f0aaf6f0268,category_filter,B1,B
6,41345,0.31682348,clip_vit_b32,3d74acf9a28c67741b2f4f2ea7635f0aaf6f0268,category_filter,B1,B
7,35807,0.3127323,clip_vit_b32,3d74acf9a28c67741b2f4f2ea7635f0aaf6f0268,category_filter,B1,B
8,39649,0.3117879,clip_vit_b32,3d74acf9a28c67741b2f4f2ea7635f0aaf6f0268,category_filter,B1,B
9,42065,0.30965137,clip_vit_b32,3d74acf9a28c67741b2f4f2ea7635f0aaf6f0268,category_filter,B1,B
10,38808,0.3092947,clip_vit_b32,3d74acf9a28c67741b2f4f2ea7635f0aaf6f0268,category_filter,B1,B
11,41477,0.30785373,clip_vit_b32,3d74acf9a28c67741b2f4f2ea7635f0aaf6f0268,category_filter,B1,B
12,31931,0.30696487,clip_vit_b32,3d74acf9a28c67741b2f4f2ea7635f0aaf6f0268,category_filter,B1,B
13,41560,0.30693477,clip_vit_b32,3d74acf9a28c67741b2f4f2ea7635f0aaf6f0268,category_filter,B1,B
14,50006,0.30688864,clip_vit_b32,3d74acf9a28c67741b2f4f2ea7635f0aaf6f0268,category_filter,B1,B
15,47133,0.3058202,clip_vit_b32,3d74acf9a28c67741b2f4f2ea7635f0aaf6f0268,category_filter,B1,B
16,17974,0.30482048,clip_vit_b32,3d74acf9a28c67741b2f4f2ea7635f0aaf6f0268,category_filter,B1,B
17,36172,0.3046995,clip_vit_b32,3d74acf9a28c67741b2f4f2ea7635f0aaf6f0268,category_filter,B1,B
18,34502,0.3044976,clip_vit_b32,3d74acf9a28c67741b2f4f2ea7635f0aaf6f0268,category_filter,B1,B
19,39730,0.3043857,clip_vit_b32,3d74acf9a28c67741b2f4f2ea7635f0aaf6f0268,category_filter,B1,B
20,12167,0.3042545,clip_vit_b32,3d74acf9a28c67741b2f4f2ea7635f0aaf6f0268,category_filter,B1,B
1,27624,0.3170231,clip_vit_b32,3d74acf9a28c67741b2f4f2ea7635f0aaf6f0268,unfiltered,B2,B
2,25128,0.30632848,clip_vit_b32,3d74acf9a28c67741b2f4f2ea7635f0aaf6f0268,unfiltered,B2,B
3,49280,0.30515784,clip_vit_b32,3d74acf9a28c67741b2f4f2ea7635f0aaf6f0268,unfiltered,B2,B
4,47255,0.30489522,clip_vit_b32,3d74acf9a28c67741b2f4f2ea7635f0aaf6f0268,unfiltered,B2,B
5,5270,0.30484954,clip_vit_b32,3d74acf9a28c67741b2f4f2ea7635f0aaf6f0268,unfiltered,B2,B
6,37514,0.3039357,clip_vit_b32,3d74acf9a28c67741b2f4f2ea7635f0aaf6f0268,unfiltered,B2,B
7,50473,0.3029812,clip_vit_b32,3d74acf9a28c67741b2f4f2ea7635f0aaf6f0268,unfiltered,B2,B
8,34674,0.30174804,clip_vit_b32,3d74acf9a28c67741b2f4f2ea7635f0aaf6f0268,unfiltered,B2,B
9,47363,0.3015814,clip_vit_b32,3d74acf9a28c67741b2f4f2ea7635f0aaf6f0268,unfiltered,B2,B
10,29412,0.30044472,clip_vit_b32,3d74acf9a28c67741b2f4f2ea7635f0aaf6f0268,unfiltered,B2,B
11,42995,0.2991396,clip_vit_b32,3d74acf9a28c67741b2f4f2ea7635f0aaf6f0268,unfiltered,B2,B
12,48096,0.29888672,clip_vit_b32,3d74acf9a28c67741b2f4f2ea7635f0aaf6f0268,unfiltered,B2,B
13,36293,0.29845548,clip_vit_b32,3d74acf9a28c67741b2f4f2ea7635f0aaf6f0268,unfiltered,B2,B
14,43896,0.29844692,clip_vit_b32,3d74acf9a28c67741b2f4f2ea7635f0aaf6f0268,unfiltered,B2,B
15,528,0.2971047,clip_vit_b32,3d74acf9a28c67741b2f4f2ea7635f0aaf6f0268,unfiltered,B2,B
16,27865,0.29637176,clip_vit_b32,3d74acf9a28c67741b2f4f2ea7635f0aaf6f0268,unfiltered,B2,B
17,40081,0.29627448,clip_vit_b32,3d74acf9a28c67741b2f4f2ea7635f0aaf6f0268,unfiltered,B2,B
18,32398,0.29617617,clip_vit_b32,3d74acf9a28c67741b2f4f2ea7635f0aaf6f0268,unfiltered,B2,B
19,45697,0.2950167,clip_vit_b32,3d74acf9a28c67741b2f4f2ea7635f0aaf6f0268,unfiltered,B2,B
20,4819,0.2948115,clip_vit_b32,3d74acf9a28c67741b2f4f2ea7635f0aaf6f0268,unfiltered,B2,B
1,49280,0.30515784,clip_vit_b32,3d74acf9a28c67741b2f4f2ea7635f0aaf6f0268,category_filter,B2,B
2,48096,0.29888672,clip_vit_b32,3d74acf9a28c67741b2f4f2ea7635f0aaf6f0268,category_filter,B2,B
3,43896,0.29844692,clip_vit_b32,3d74acf9a28c67741b2f4f2ea7635f0aaf6f0268,category_filter,B2,B
4,45697,0.2950167,clip_vit_b32,3d74acf9a28c67741b2f4f2ea7635f0aaf6f0268,category_filter,B2,B
5,30124,0.29057506,clip_vit_b32,3d74acf9a28c67741b2f4f2ea7635f0aaf6f0268,category_filter,B2,B
6,32518,0.28958902,clip_vit_b32,3d74acf9a28c67741b2f4f2ea7635f0aaf6f0268,category_filter,B2,B
7,24858,0.28880093,clip_vit_b32,3d74acf9a28c67741b2f4f2ea7635f0aaf6f0268,category_filter,B2,B
8,27398,0.2885893,clip_vit_b32,3d74acf9a28c67741b2f4f2ea7635f0aaf6f0268,category_filter,B2,B
9,21388,0.28852636,clip_vit_b32,3d74acf9a28c67741b2f4f2ea7635f0aaf6f0268,category_filter,B2,B
10,50138,0.28792644,clip_vit_b32,3d74acf9a28c67741b2f4f2ea7635f0aaf6f0268,category_filter,B2,B
11,45242,0.28731138,clip_vit_b32,3d74acf9a28c67741b2f4f2ea7635f0aaf6f0268,category_filter,B2,B
12,48464,0.28685656,clip_vit_b32,3d74acf9a28c67741b2f4f2ea7635f0aaf6f0268,category_filter,B2,B
13,45563,0.28636622,clip_vit_b32,3d74acf9a28c67741b2f4f2ea7635f0aaf6f0268,category_filter,B2,B
14,35965,0.2853865,clip_vit_b32,3d74acf9a28c67741b2f4f2ea7635f0aaf6f0268,category_filter,B2,B
15,38223,0.2838105,clip_vit_b32,3d74acf9a28c67741b2f4f2ea7635f0aaf6f0268,category_filter,B2,B
16,25618,0.28318864,clip_vit_b32,3d74acf9a28c67741b2f4f2ea7635f0aaf6f0268,category_filter,B2,B
17,46998,0.28316504,clip_vit_b32,3d74acf9a28c67741b2f4f2ea7635f0aaf6f0268,category_filter,B2,B
18,26969,0.2831384,clip_vit_b32,3d74acf9a28c67741b2f4f2ea7635f0aaf6f0268,category_filter,B2,B
19,41337,0.28264484,clip_vit_b32,3d74acf9a28c67741b2f4f2ea7635f0aaf6f0268,category_filter,B2,B
20,14874,0.2823005,clip_vit_b32,3d74acf9a28c67741b2f4f2ea7635f0aaf6f0268,category_filter,B2,B
1,35266,0.3067797,clip_vit_b32,3d74acf9a28c67741b2f4f2ea7635f0aaf6f0268,unfiltered,B3,B
2,49080,0.3040349,clip_vit_b32,3d74acf9a28c67741b2f4f2ea7635f0aaf6f0268,unfiltered,B3,B
3,45279,0.30397344,clip_vit_b32,3d74acf9a28c67741b2f4f2ea7635f0aaf6f0268,unfiltered,B3,B
4,35604,0.30360827,clip_vit_b32,3d74acf9a28c67741b2f4f2ea7635f0aaf6f0268,unfiltered,B3,B
5,41458,0.30133194,clip_vit_b32,3d74acf9a28c67741b2f4f2ea7635f0aaf6f0268,unfiltered,B3,B
6,46101,0.29852507,clip_vit_b32,3d74acf9a28c67741b2f4f2ea7635f0aaf6f0268,unfiltered,B3,B
7,48012,0.2982704,clip_vit_b32,3d74acf9a28c67741b2f4f2ea7635f0aaf6f0268,unfiltered,B3,B
8,33355,0.297216,clip_vit_b32,3d74acf9a28c67741b2f4f2ea7635f0aaf6f0268,unfiltered,B3,B
9,32114,0.294557,clip_vit_b32,3d74acf9a28c67741b2f4f2ea7635f0aaf6f0268,unfiltered,B3,B
10,44271,0.2934694,clip_vit_b32,3d74acf9a28c67741b2f4f2ea7635f0aaf6f0268,unfiltered,B3,B
11,34055,0.29332665,clip_vit_b32,3d74acf9a28c67741b2f4f2ea7635f0aaf6f0268,unfiltered,B3,B
12,4665,0.29331583,clip_vit_b32,3d74acf9a28c67741b2f4f2ea7635f0aaf6f0268,unfiltered,B3,B
13,29083,0.2926654,clip_vit_b32,3d74acf9a28c67741b2f4f2ea7635f0aaf6f0268,unfiltered,B3,B
14,27223,0.2923699,clip_vit_b32,3d74acf9a28c67741b2f4f2ea7635f0aaf6f0268,unfiltered,B3,B
15,32310,0.29221842,clip_vit_b32,3d74acf9a28c67741b2f4f2ea7635f0aaf6f0268,unfiltered,B3,B
16,44566,0.29165637,clip_vit_b32,3d74acf9a28c67741b2f4f2ea7635f0aaf6f0268,unfiltered,B3,B
17,9821,0.29135364,clip_vit_b32,3d74acf9a28c67741b2f4f2ea7635f0aaf6f0268,unfiltered,B3,B
18,32211,0.29105905,clip_vit_b32,3d74acf9a28c67741b2f4f2ea7635f0aaf6f0268,unfiltered,B3,B
19,49767,0.29103363,clip_vit_b32,3d74acf9a28c67741b2f4f2ea7635f0aaf6f0268,unfiltered,B3,B
20,33480,0.2910307,clip_vit_b32,3d74acf9a28c67741b2f4f2ea7635f0aaf6f0268,unfiltered,B3,B
1,35266,0.3067797,clip_vit_b32,3d74acf9a28c67741b2f4f2ea7635f0aaf6f0268,category_filter,B3,B
2,49080,0.3040349,clip_vit_b32,3d74acf9a28c67741b2f4f2ea7635f0aaf6f0268,category_filter,B3,B
3,45279,0.30397344,clip_vit_b32,3d74acf9a28c67741b2f4f2ea7635f0aaf6f0268,category_filter,B3,B
4,35604,0.30360827,clip_vit_b32,3d74acf9a28c67741b2f4f2ea7635f0aaf6f0268,category_filter,B3,B
5,41458,0.30133194,clip_vit_b32,3d74acf9a28c67741b2f4f2ea7635f0aaf6f0268,category_filter,B3,B
6,46101,0.29852507,clip_vit_b32,3d74acf9a28c67741b2f4f2ea7635f0aaf6f0268,category_filter,B3,B
7,48012,0.2982704,clip_vit_b32,3d74acf9a28c67741b2f4f2ea7635f0aaf6f0268,category_filter,B3,B
8,33355,0.297216,clip_vit_b32,3d74acf9a28c67741b2f4f2ea7635f0aaf6f0268,category_filter,B3,B
9,32114,0.294557,clip_vit_b32,3d74acf9a28c67741b2f4f2ea7635f0aaf6f0268,category_filter,B3,B
10,44271,0.2934694,clip_vit_b32,3d74acf9a28c67741b2f4f2ea7635f0aaf6f0268,category_filter,B3,B
11,34055,0.29332665,clip_vit_b32,3d74acf9a28c67741b2f4f2ea7635f0aaf6f0268,category_filter,B3,B
12,4665,0.29331583,clip_vit_b32,3d74acf9a28c67741b2f4f2ea7635f0aaf6f0268,category_filter,B3,B
13,29083,0.2926654,clip_vit_b32,3d74acf9a28c67741b2f4f2ea7635f0aaf6f0268,category_filter,B3,B
14,27223,0.2923699,clip_vit_b32,3d74acf9a28c67741b2f4f2ea7635f0aaf6f0268,category_filter,B3,B
15,32310,0.29221842,clip_vit_b32,3d74acf9a28c67741b2f4f2ea7635f0aaf6f0268,category_filter,B3,B
16,44566,0.29165637,clip_vit_b32,3d74acf9a28c67741b2f4f2ea7635f0aaf6f0268,category_filter,B3,B
17,9821,0.29135364,clip_vit_b32,3d74acf9a28c67741b2f4f2ea7635f0aaf6f0268,category_filter,B3,B
18,32211,0.29105905,clip_vit_b32,3d74acf9a28c67741b2f4f2ea7635f0aaf6f0268,category_filter,B3,B
19,49767,0.29103363,clip_vit_b32,3d74acf9a28c67741b2f4f2ea7635f0aaf6f0268,category_filter,B3,B
20,32563,0.2909426,clip_vit_b32,3d74acf9a28c67741b2f4f2ea7635f0aaf6f0268,category_filter,B3,B
1,26859,0.32661247,clip_vit_b32,3d74acf9a28c67741b2f4f2ea7635f0aaf6f0268,unfiltered,B4,B
2,40455,0.32470438,clip_vit_b32,3d74acf9a28c67741b2f4f2ea7635f0aaf6f0268,unfiltered,B4,B
3,19353,0.32010505,clip_vit_b32,3d74acf9a28c67741b2f4f2ea7635f0aaf6f0268,unfiltered,B4,B
4,36305,0.31926107,clip_vit_b32,3d74acf9a28c67741b2f4f2ea7635f0aaf6f0268,unfiltered,B4,B
5,32428,0.31803215,clip_vit_b32,3d74acf9a28c67741b2f4f2ea7635f0aaf6f0268,unfiltered,B4,B
6,42716,0.31485802,clip_vit_b32,3d74acf9a28c67741b2f4f2ea7635f0aaf6f0268,unfiltered,B4,B
7,30448,0.3146185,clip_vit_b32,3d74acf9a28c67741b2f4f2ea7635f0aaf6f0268,unfiltered,B4,B
8,45497,0.31411806,clip_vit_b32,3d74acf9a28c67741b2f4f2ea7635f0aaf6f0268,unfiltered,B4,B
9,41659,0.312383,clip_vit_b32,3d74acf9a28c67741b2f4f2ea7635f0aaf6f0268,unfiltered,B4,B
10,29896,0.31209964,clip_vit_b32,3d74acf9a28c67741b2f4f2ea7635f0aaf6f0268,unfiltered,B4,B
11,49177,0.31173834,clip_vit_b32,3d74acf9a28c67741b2f4f2ea7635f0aaf6f0268,unfiltered,B4,B
12,31862,0.31097546,clip_vit_b32,3d74acf9a28c67741b2f4f2ea7635f0aaf6f0268,unfiltered,B4,B
13,43457,0.31032765,clip_vit_b32,3d74acf9a28c67741b2f4f2ea7635f0aaf6f0268,unfiltered,B4,B
14,38506,0.30985796,clip_vit_b32,3d74acf9a28c67741b2f4f2ea7635f0aaf6f0268,unfiltered,B4,B
15,32578,0.30976546,clip_vit_b32,3d74acf9a28c67741b2f4f2ea7635f0aaf6f0268,unfiltered,B4,B
16,29536,0.3094839,clip_vit_b32,3d74acf9a28c67741b2f4f2ea7635f0aaf6f0268,unfiltered,B4,B
17,23011,0.30937582,clip_vit_b32,3d74acf9a28c67741b2f4f2ea7635f0aaf6f0268,unfiltered,B4,B
18,37251,0.30936736,clip_vit_b32,3d74acf9a28c67741b2f4f2ea7635f0aaf6f0268,unfiltered,B4,B
19,35635,0.30919653,clip_vit_b32,3d74acf9a28c67741b2f4f2ea7635f0aaf6f0268,unfiltered,B4,B
20,43704,0.3090002,clip_vit_b32,3d74acf9a28c67741b2f4f2ea7635f0aaf6f0268,unfiltered,B4,B
1,32428,0.31803215,clip_vit_b32,3d74acf9a28c67741b2f4f2ea7635f0aaf6f0268,category_filter,B4,B
2,42716,0.31485802,clip_vit_b32,3d74acf9a28c67741b2f4f2ea7635f0aaf6f0268,category_filter,B4,B
3,30448,0.3146185,clip_vit_b32,3d74acf9a28c67741b2f4f2ea7635f0aaf6f0268,category_filter,B4,B
4,45497,0.31411806,clip_vit_b32,3d74acf9a28c67741b2f4f2ea7635f0aaf6f0268,category_filter,B4,B
5,29896,0.31209964,clip_vit_b32,3d74acf9a28c67741b2f4f2ea7635f0aaf6f0268,category_filter,B4,B
6,49177,0.31173834,clip_vit_b32,3d74acf9a28c67741b2f4f2ea7635f0aaf6f0268,category_filter,B4,B
7,31862,0.31097546,clip_vit_b32,3d74acf9a28c67741b2f4f2ea7635f0aaf6f0268,category_filter,B4,B
8,38506,0.30985796,clip_vit_b32,3d74acf9a28c67741b2f4f2ea7635f0aaf6f0268,category_filter,B4,B
9,23011,0.30937582,clip_vit_b32,3d74acf9a28c67741b2f4f2ea7635f0aaf6f0268,category_filter,B4,B
10,37251,0.30936736,clip_vit_b32,3d74acf9a28c67741b2f4f2ea7635f0aaf6f0268,category_filter,B4,B
11,35635,0.30919653,clip_vit_b32,3d74acf9a28c67741b2f4f2ea7635f0aaf6f0268,category_filter,B4,B
12,48815,0.30812532,clip_vit_b32,3d74acf9a28c67741b2f4f2ea7635f0aaf6f0268,category_filter,B4,B
13,30163,0.30806187,clip_vit_b32,3d74acf9a28c67741b2f4f2ea7635f0aaf6f0268,category_filter,B4,B
14,38305,0.30805188,clip_vit_b32,3d74acf9a28c67741b2f4f2ea7635f0aaf6f0268,category_filter,B4,B
15,5347,0.30764863,clip_vit_b32,3d74acf9a28c67741b2f4f2ea7635f0aaf6f0268,category_filter,B4,B
16,44702,0.3074476,clip_vit_b32,3d74acf9a28c67741b2f4f2ea7635f0aaf6f0268,category_filter,B4,B
17,33915,0.30702412,clip_vit_b32,3d74acf9a28c67741b2f4f2ea7635f0aaf6f0268,category_filter,B4,B
18,13945,0.30600637,clip_vit_b32,3d74acf9a28c67741b2f4f2ea7635f0aaf6f0268,category_filter,B4,B
19,36156,0.30595565,clip_vit_b32,3d74acf9a28c67741b2f4f2ea7635f0aaf6f0268,category_filter,B4,B
20,43724,0.30567706,clip_vit_b32,3d74acf9a28c67741b2f4f2ea7635f0aaf6f0268,category_filter,B4,B
1,16089,0.32773882,clip_vit_b32,3d74acf9a28c67741b2f4f2ea7635f0aaf6f0268,unfiltered,B5,B
2,45381,0.32583535,clip_vit_b32,3d74acf9a28c67741b2f4f2ea7635f0aaf6f0268,unfiltered,B5,B
3,48921,0.3252121,clip_vit_b32,3d74acf9a28c67741b2f4f2ea7635f0aaf6f0268,unfiltered,B5,B
4,43886,0.32350898,clip_vit_b32,3d74acf9a28c67741b2f4f2ea7635f0aaf6f0268,unfiltered,B5,B
5,10016,0.3219006,clip_vit_b32,3d74acf9a28c67741b2f4f2ea7635f0aaf6f0268,unfiltered,B5,B
6,42862,0.32088864,clip_vit_b32,3d74acf9a28c67741b2f4f2ea7635f0aaf6f0268,unfiltered,B5,B
7,31873,0.31931046,clip_vit_b32,3d74acf9a28c67741b2f4f2ea7635f0aaf6f0268,unfiltered,B5,B
8,10375,0.31910342,clip_vit_b32,3d74acf9a28c67741b2f4f2ea7635f0aaf6f0268,unfiltered,B5,B
9,25429,0.31906155,clip_vit_b32,3d74acf9a28c67741b2f4f2ea7635f0aaf6f0268,unfiltered,B5,B
10,31817,0.31893307,clip_vit_b32,3d74acf9a28c67741b2f4f2ea7635f0aaf6f0268,unfiltered,B5,B
11,1412,0.31868744,clip_vit_b32,3d74acf9a28c67741b2f4f2ea7635f0aaf6f0268,unfiltered,B5,B
12,44507,0.31842852,clip_vit_b32,3d74acf9a28c67741b2f4f2ea7635f0aaf6f0268,unfiltered,B5,B
13,44287,0.31688172,clip_vit_b32,3d74acf9a28c67741b2f4f2ea7635f0aaf6f0268,unfiltered,B5,B
14,22848,0.31623206,clip_vit_b32,3d74acf9a28c67741b2f4f2ea7635f0aaf6f0268,unfiltered,B5,B
15,19946,0.31597966,clip_vit_b32,3d74acf9a28c67741b2f4f2ea7635f0aaf6f0268,unfiltered,B5,B
16,14289,0.31559432,clip_vit_b32,3d74acf9a28c67741b2f4f2ea7635f0aaf6f0268,unfiltered,B5,B
17,21682,0.314331,clip_vit_b32,3d74acf9a28c67741b2f4f2ea7635f0aaf6f0268,unfiltered,B5,B
18,6042,0.31413007,clip_vit_b32,3d74acf9a28c67741b2f4f2ea7635f0aaf6f0268,unfiltered,B5,B
19,37274,0.31345987,clip_vit_b32,3d74acf9a28c67741b2f4f2ea7635f0aaf6f0268,unfiltered,B5,B
20,42525,0.31340992,clip_vit_b32,3d74acf9a28c67741b2f4f2ea7635f0aaf6f0268,unfiltered,B5,B
1,16089,0.32773882,clip_vit_b32,3d74acf9a28c67741b2f4f2ea7635f0aaf6f0268,category_filter,B5,B
2,45381,0.32583535,clip_vit_b32,3d74acf9a28c67741b2f4f2ea7635f0aaf6f0268,category_filter,B5,B
3,48921,0.3252121,clip_vit_b32,3d74acf9a28c67741b2f4f2ea7635f0aaf6f0268,category_filter,B5,B
4,43886,0.32350898,clip_vit_b32,3d74acf9a28c67741b2f4f2ea7635f0aaf6f0268,category_filter,B5,B
5,10016,0.3219006,clip_vit_b32,3d74acf9a28c67741b2f4f2ea7635f0aaf6f0268,category_filter,B5,B
6,42862,0.32088864,clip_vit_b32,3d74acf9a28c67741b2f4f2ea7635f0aaf6f0268,category_filter,B5,B
7,10375,0.31910342,clip_vit_b32,3d74acf9a28c67741b2f4f2ea7635f0aaf6f0268,category_filter,B5,B
8,25429,0.31906155,clip_vit_b32,3d74acf9a28c67741b2f4f2ea7635f0aaf6f0268,category_filter,B5,B
9,31817,0.31893307,clip_vit_b32,3d74acf9a28c67741b2f4f2ea7635f0aaf6f0268,category_filter,B5,B
10,1412,0.31868744,clip_vit_b32,3d74acf9a28c67741b2f4f2ea7635f0aaf6f0268,category_filter,B5,B
11,44507,0.31842852,clip_vit_b32,3d74acf9a28c67741b2f4f2ea7635f0aaf6f0268,category_filter,B5,B
12,22848,0.31623206,clip_vit_b32,3d74acf9a28c67741b2f4f2ea7635f0aaf6f0268,category_filter,B5,B
13,19946,0.31597966,clip_vit_b32,3d74acf9a28c67741b2f4f2ea7635f0aaf6f0268,category_filter,B5,B
14,14289,0.31559432,clip_vit_b32,3d74acf9a28c67741b2f4f2ea7635f0aaf6f0268,category_filter,B5,B
15,21682,0.314331,clip_vit_b32,3d74acf9a28c67741b2f4f2ea7635f0aaf6f0268,category_filter,B5,B
16,6042,0.31413007,clip_vit_b32,3d74acf9a28c67741b2f4f2ea7635f0aaf6f0268,category_filter,B5,B
17,37274,0.31345987,clip_vit_b32,3d74acf9a28c67741b2f4f2ea7635f0aaf6f0268,category_filter,B5,B
18,42525,0.31340992,clip_vit_b32,3d74acf9a28c67741b2f4f2ea7635f0aaf6f0268,category_filter,B5,B
19,7428,0.31309846,clip_vit_b32,3d74acf9a28c67741b2f4f2ea7635f0aaf6f0268,category_filter,B5,B
20,30492,0.31282082,clip_vit_b32,3d74acf9a28c67741b2f4f2ea7635f0aaf6f0268,category_filter,B5,B
1,33355,0.34466422,clip_vit_b32,3d74acf9a28c67741b2f4f2ea7635f0aaf6f0268,unfiltered,B6,B
2,18149,0.32072127,clip_vit_b32,3d74acf9a28c67741b2f4f2ea7635f0aaf6f0268,unfiltered,B6,B
3,462,0.317667,clip_vit_b32,3d74acf9a28c67741b2f4f2ea7635f0aaf6f0268,unfiltered,B6,B
4,36023,0.3170051,clip_vit_b32,3d74acf9a28c67741b2f4f2ea7635f0aaf6f0268,unfiltered,B6,B
5,40943,0.31480226,clip_vit_b32,3d74acf9a28c67741b2f4f2ea7635f0aaf6f0268,unfiltered,B6,B
6,31878,0.3147027,clip_vit_b32,3d74acf9a28c67741b2f4f2ea7635f0aaf6f0268,unfiltered,B6,B
7,11084,0.31217054,clip_vit_b32,3d74acf9a28c67741b2f4f2ea7635f0aaf6f0268,unfiltered,B6,B
8,31102,0.31200042,clip_vit_b32,3d74acf9a28c67741b2f4f2ea7635f0aaf6f0268,unfiltered,B6,B
9,40895,0.3117884,clip_vit_b32,3d74acf9a28c67741b2f4f2ea7635f0aaf6f0268,unfiltered,B6,B
10,4826,0.31154472,clip_vit_b32,3d74acf9a28c67741b2f4f2ea7635f0aaf6f0268,unfiltered,B6,B
11,22462,0.3111515,clip_vit_b32,3d74acf9a28c67741b2f4f2ea7635f0aaf6f0268,unfiltered,B6,B
12,25755,0.31015798,clip_vit_b32,3d74acf9a28c67741b2f4f2ea7635f0aaf6f0268,unfiltered,B6,B
13,29345,0.3079898,clip_vit_b32,3d74acf9a28c67741b2f4f2ea7635f0aaf6f0268,unfiltered,B6,B
14,41932,0.30714035,clip_vit_b32,3d74acf9a28c67741b2f4f2ea7635f0aaf6f0268,unfiltered,B6,B
15,44714,0.3065418,clip_vit_b32,3d74acf9a28c67741b2f4f2ea7635f0aaf6f0268,unfiltered,B6,B
16,34246,0.305761,clip_vit_b32,3d74acf9a28c67741b2f4f2ea7635f0aaf6f0268,unfiltered,B6,B
17,27626,0.3053466,clip_vit_b32,3d74acf9a28c67741b2f4f2ea7635f0aaf6f0268,unfiltered,B6,B
18,28264,0.30469465,clip_vit_b32,3d74acf9a28c67741b2f4f2ea7635f0aaf6f0268,unfiltered,B6,B
19,21049,0.3041202,clip_vit_b32,3d74acf9a28c67741b2f4f2ea7635f0aaf6f0268,unfiltered,B6,B
20,22336,0.303625,clip_vit_b32,3d74acf9a28c67741b2f4f2ea7635f0aaf6f0268,unfiltered,B6,B
1,33355,0.34466422,clip_vit_b32,3d74acf9a28c67741b2f4f2ea7635f0aaf6f0268,category_filter,B6,B
2,18149,0.32072127,clip_vit_b32,3d74acf9a28c67741b2f4f2ea7635f0aaf6f0268,category_filter,B6,B
3,462,0.317667,clip_vit_b32,3d74acf9a28c67741b2f4f2ea7635f0aaf6f0268,category_filter,B6,B
4,36023,0.3170051,clip_vit_b32,3d74acf9a28c67741b2f4f2ea7635f0aaf6f0268,category_filter,B6,B
5,40943,0.31480226,clip_vit_b32,3d74acf9a28c67741b2f4f2ea7635f0aaf6f0268,category_filter,B6,B
6,31878,0.3147027,clip_vit_b32,3d74acf9a28c67741b2f4f2ea7635f0aaf6f0268,category_filter,B6,B
7,11084,0.31217054,clip_vit_b32,3d74acf9a28c67741b2f4f2ea7635f0aaf6f0268,category_filter,B6,B
8,31102,0.31200042,clip_vit_b32,3d74acf9a28c67741b2f4f2ea7635f0aaf6f0268,category_filter,B6,B
9,40895,0.3117884,clip_vit_b32,3d74acf9a28c67741b2f4f2ea7635f0aaf6f0268,category_filter,B6,B
10,4826,0.31154472,clip_vit_b32,3d74acf9a28c67741b2f4f2ea7635f0aaf6f0268,category_filter,B6,B
11,22462,0.3111515,clip_vit_b32,3d74acf9a28c67741b2f4f2ea7635f0aaf6f0268,category_filter,B6,B
12,25755,0.31015798,clip_vit_b32,3d74acf9a28c67741b2f4f2ea7635f0aaf6f0268,category_filter,B6,B
13,29345,0.3079898,clip_vit_b32,3d74acf9a28c67741b2f4f2ea7635f0aaf6f0268,category_filter,B6,B
14,41932,0.30714035,clip_vit_b32,3d74acf9a28c67741b2f4f2ea7635f0aaf6f0268,category_filter,B6,B
15,44714,0.3065418,clip_vit_b32,3d74acf9a28c67741b2f4f2ea7635f0aaf6f0268,category_filter,B6,B
16,34246,0.305761,clip_vit_b32,3d74acf9a28c67741b2f4f2ea7635f0aaf6f0268,category_filter,B6,B
17,27626,0.3053466,clip_vit_b32,3d74acf9a28c67741b2f4f2ea7635f0aaf6f0268,category_filter,B6,B
18,28264,0.30469465,clip_vit_b32,3d74acf9a28c67741b2f4f2ea7635f0aaf6f0268,category_filter,B6,B
19,21049,0.3041202,clip_vit_b32,3d74acf9a28c67741b2f4f2ea7635f0aaf6f0268,category_filter,B6,B
20,22336,0.303625,clip_vit_b32,3d74acf9a28c67741b2f4f2ea7635f0aaf6f0268,category_filter,B6,B
1,33355,0.32496285,clip_vit_b32,3d74acf9a28c67741b2f4f2ea7635f0aaf6f0268,unfiltered,B7,B
2,48408,0.31222332,clip_vit_b32,3d74acf9a28c67741b2f4f2ea7635f0aaf6f0268,unfiltered,B7,B
3,28146,0.312111,clip_vit_b32,3d74acf9a28c67741b2f4f2ea7635f0aaf6f0268,unfiltered,B7,B
4,37422,0.3116444,clip_vit_b32,3d74acf9a28c67741b2f4f2ea7635f0aaf6f0268,unfiltered,B7,B
5,36592,0.3060515,clip_vit_b32,3d74acf9a28c67741b2f4f2ea7635f0aaf6f0268,unfiltered,B7,B
6,45907,0.3052364,clip_vit_b32,3d74acf9a28c67741b2f4f2ea7635f0aaf6f0268,unfiltered,B7,B
7,29083,0.30267102,clip_vit_b32,3d74acf9a28c67741b2f4f2ea7635f0aaf6f0268,unfiltered,B7,B
8,29812,0.30220783,clip_vit_b32,3d74acf9a28c67741b2f4f2ea7635f0aaf6f0268,unfiltered,B7,B
9,31463,0.30219683,clip_vit_b32,3d74acf9a28c67741b2f4f2ea7635f0aaf6f0268,unfiltered,B7,B
10,48887,0.30120346,clip_vit_b32,3d74acf9a28c67741b2f4f2ea7635f0aaf6f0268,unfiltered,B7,B
11,40412,0.30081892,clip_vit_b32,3d74acf9a28c67741b2f4f2ea7635f0aaf6f0268,unfiltered,B7,B
12,36023,0.3006687,clip_vit_b32,3d74acf9a28c67741b2f4f2ea7635f0aaf6f0268,unfiltered,B7,B
13,43900,0.30019072,clip_vit_b32,3d74acf9a28c67741b2f4f2ea7635f0aaf6f0268,unfiltered,B7,B
14,7896,0.29946452,clip_vit_b32,3d74acf9a28c67741b2f4f2ea7635f0aaf6f0268,unfiltered,B7,B
15,40522,0.29739922,clip_vit_b32,3d74acf9a28c67741b2f4f2ea7635f0aaf6f0268,unfiltered,B7,B
16,18149,0.2966549,clip_vit_b32,3d74acf9a28c67741b2f4f2ea7635f0aaf6f0268,unfiltered,B7,B
17,47800,0.2961523,clip_vit_b32,3d74acf9a28c67741b2f4f2ea7635f0aaf6f0268,unfiltered,B7,B
18,45289,0.2961455,clip_vit_b32,3d74acf9a28c67741b2f4f2ea7635f0aaf6f0268,unfiltered,B7,B
19,28985,0.29611892,clip_vit_b32,3d74acf9a28c67741b2f4f2ea7635f0aaf6f0268,unfiltered,B7,B
20,39403,0.29524428,clip_vit_b32,3d74acf9a28c67741b2f4f2ea7635f0aaf6f0268,unfiltered,B7,B
1,33355,0.32496285,clip_vit_b32,3d74acf9a28c67741b2f4f2ea7635f0aaf6f0268,category_filter,B7,B
2,48408,0.31222332,clip_vit_b32,3d74acf9a28c67741b2f4f2ea7635f0aaf6f0268,category_filter,B7,B
3,28146,0.312111,clip_vit_b32,3d74acf9a28c67741b2f4f2ea7635f0aaf6f0268,category_filter,B7,B
4,37422,0.3116444,clip_vit_b32,3d74acf9a28c67741b2f4f2ea7635f0aaf6f0268,category_filter,B7,B
5,36592,0.3060515,clip_vit_b32,3d74acf9a28c67741b2f4f2ea7635f0aaf6f0268,category_filter,B7,B
6,45907,0.3052364,clip_vit_b32,3d74acf9a28c67741b2f4f2ea7635f0aaf6f0268,category_filter,B7,B
7,29083,0.30267102,clip_vit_b32,3d74acf9a28c67741b2f4f2ea7635f0aaf6f0268,category_filter,B7,B
8,29812,0.30220783,clip_vit_b32,3d74acf9a28c67741b2f4f2ea7635f0aaf6f0268,category_filter,B7,B
9,31463,0.30219683,clip_vit_b32,3d74acf9a28c67741b2f4f2ea7635f0aaf6f0268,category_filter,B7,B
10,48887,0.30120346,clip_vit_b32,3d74acf9a28c67741b2f4f2ea7635f0aaf6f0268,category_filter,B7,B
11,40412,0.30081892,clip_vit_b32,3d74acf9a28c67741b2f4f2ea7635f0aaf6f0268,category_filter,B7,B
12,36023,0.3006687,clip_vit_b32,3d74acf9a28c67741b2f4f2ea7635f0aaf6f0268,category_filter,B7,B
13,43900,0.30019072,clip_vit_b32,3d74acf9a28c67741b2f4f2ea7635f0aaf6f0268,category_filter,B7,B
14,7896,0.29946452,clip_vit_b32,3d74acf9a28c67741b2f4f2ea7635f0aaf6f0268,category_filter,B7,B
15,40522,0.29739922,clip_vit_b32,3d74acf9a28c67741b2f4f2ea7635f0aaf6f0268,category_filter,B7,B
16,18149,0.2966549,clip_vit_b32,3d74acf9a28c67741b2f4f2ea7635f0aaf6f0268,category_filter,B7,B
17,47800,0.2961523,clip_vit_b32,3d74acf9a28c67741b2f4f2ea7635f0aaf6f0268,category_filter,B7,B
18,45289,0.2961455,clip_vit_b32,3d74acf9a28c67741b2f4f2ea7635f0aaf6f0268,category_filter,B7,B
19,28985,0.29611892,clip_vit_b32,3d74acf9a28c67741b2f4f2ea7635f0aaf6f0268,category_filter,B7,B
20,39403,0.29524428,clip_vit_b32,3d74acf9a28c67741b2f4f2ea7635f0aaf6f0268,category_filter,B7,B
1,37964,0.314039,clip_vit_b32,3d74acf9a28c67741b2f4f2ea7635f0aaf6f0268,unfiltered,C1,C
2,25755,0.3080588,clip_vit_b32,3d74acf9a28c67741b2f4f2ea7635f0aaf6f0268,unfiltered,C1,C
3,21049,0.3080551,clip_vit_b32,3d74acf9a28c67741b2f4f2ea7635f0aaf6f0268,unfiltered,C1,C
4,27615,0.3010322,clip_vit_b32,3d74acf9a28c67741b2f4f2ea7635f0aaf6f0268,unfiltered,C1,C
5,5404,0.30079275,clip_vit_b32,3d74acf9a28c67741b2f4f2ea7635f0aaf6f0268,unfiltered,C1,C
6,18149,0.30050984,clip_vit_b32,3d74acf9a28c67741b2f4f2ea7635f0aaf6f0268,unfiltered,C1,C
7,14168,0.2996459,clip_vit_b32,3d74acf9a28c67741b2f4f2ea7635f0aaf6f0268,unfiltered,C1,C
8,42100,0.2996195,clip_vit_b32,3d74acf9a28c67741b2f4f2ea7635f0aaf6f0268,unfiltered,C1,C
9,38346,0.29959887,clip_vit_b32,3d74acf9a28c67741b2f4f2ea7635f0aaf6f0268,unfiltered,C1,C
10,40943,0.29949906,clip_vit_b32,3d74acf9a28c67741b2f4f2ea7635f0aaf6f0268,unfiltered,C1,C
11,7896,0.2988556,clip_vit_b32,3d74acf9a28c67741b2f4f2ea7635f0aaf6f0268,unfiltered,C1,C
12,10103,0.29875505,clip_vit_b32,3d74acf9a28c67741b2f4f2ea7635f0aaf6f0268,unfiltered,C1,C
13,21776,0.29765454,clip_vit_b32,3d74acf9a28c67741b2f4f2ea7635f0aaf6f0268,unfiltered,C1,C
14,49484,0.29755932,clip_vit_b32,3d74acf9a28c67741b2f4f2ea7635f0aaf6f0268,unfiltered,C1,C
15,37159,0.2966168,clip_vit_b32,3d74acf9a28c67741b2f4f2ea7635f0aaf6f0268,unfiltered,C1,C
16,4257,0.296089,clip_vit_b32,3d74acf9a28c67741b2f4f2ea7635f0aaf6f0268,unfiltered,C1,C
17,36031,0.29601404,clip_vit_b32,3d74acf9a28c67741b2f4f2ea7635f0aaf6f0268,unfiltered,C1,C
18,6418,0.29595992,clip_vit_b32,3d74acf9a28c67741b2f4f2ea7635f0aaf6f0268,unfiltered,C1,C
19,32976,0.29594633,clip_vit_b32,3d74acf9a28c67741b2f4f2ea7635f0aaf6f0268,unfiltered,C1,C
20,45417,0.29578784,clip_vit_b32,3d74acf9a28c67741b2f4f2ea7635f0aaf6f0268,unfiltered,C1,C
1,7213,0.31837296,clip_vit_b32,3d74acf9a28c67741b2f4f2ea7635f0aaf6f0268,unfiltered,C2,C
2,22974,0.31680942,clip_vit_b32,3d74acf9a28c67741b2f4f2ea7635f0aaf6f0268,unfiltered,C2,C
3,31082,0.3147172,clip_vit_b32,3d74acf9a28c67741b2f4f2ea7635f0aaf6f0268,unfiltered,C2,C
4,40997,0.31428474,clip_vit_b32,3d74acf9a28c67741b2f4f2ea7635f0aaf6f0268,unfiltered,C2,C
5,32377,0.31347305,clip_vit_b32,3d74acf9a28c67741b2f4f2ea7635f0aaf6f0268,unfiltered,C2,C
6,39668,0.31241012,clip_vit_b32,3d74acf9a28c67741b2f4f2ea7635f0aaf6f0268,unfiltered,C2,C
7,34054,0.31207216,clip_vit_b32,3d74acf9a28c67741b2f4f2ea7635f0aaf6f0268,unfiltered,C2,C
8,31699,0.31147888,clip_vit_b32,3d74acf9a28c67741b2f4f2ea7635f0aaf6f0268,unfiltered,C2,C
9,27290,0.31138694,clip_vit_b32,3d74acf9a28c67741b2f4f2ea7635f0aaf6f0268,unfiltered,C2,C
10,14265,0.3111335,clip_vit_b32,3d74acf9a28c67741b2f4f2ea7635f0aaf6f0268,unfiltered,C2,C
11,5966,0.3106931,clip_vit_b32,3d74acf9a28c67741b2f4f2ea7635f0aaf6f0268,unfiltered,C2,C
12,39636,0.30928487,clip_vit_b32,3d74acf9a28c67741b2f4f2ea7635f0aaf6f0268,unfiltered,C2,C
13,10973,0.30922708,clip_vit_b32,3d74acf9a28c67741b2f4f2ea7635f0aaf6f0268,unfiltered,C2,C
14,36505,0.30918577,clip_vit_b32,3d74acf9a28c67741b2f4f2ea7635f0aaf6f0268,unfiltered,C2,C
15,49557,0.30858797,clip_vit_b32,3d74acf9a28c67741b2f4f2ea7635f0aaf6f0268,unfiltered,C2,C
16,30359,0.3073403,clip_vit_b32,3d74acf9a28c67741b2f4f2ea7635f0aaf6f0268,unfiltered,C2,C
17,18007,0.30716175,clip_vit_b32,3d74acf9a28c67741b2f4f2ea7635f0aaf6f0268,unfiltered,C2,C
18,28278,0.30691063,clip_vit_b32,3d74acf9a28c67741b2f4f2ea7635f0aaf6f0268,unfiltered,C2,C
19,21227,0.3066082,clip_vit_b32,3d74acf9a28c67741b2f4f2ea7635f0aaf6f0268,unfiltered,C2,C
20,14747,0.30657843,clip_vit_b32,3d74acf9a28c67741b2f4f2ea7635f0aaf6f0268,unfiltered,C2,C
1,45347,0.33221012,clip_vit_b32,3d74acf9a28c67741b2f4f2ea7635f0aaf6f0268,unfiltered,C3,C
2,3234,0.32278642,clip_vit_b32,3d74acf9a28c67741b2f4f2ea7635f0aaf6f0268,unfiltered,C3,C
3,47258,0.3223094,clip_vit_b32,3d74acf9a28c67741b2f4f2ea7635f0aaf6f0268,unfiltered,C3,C
4,45730,0.3180513,clip_vit_b32,3d74acf9a28c67741b2f4f2ea7635f0aaf6f0268,unfiltered,C3,C
5,19353,0.3153385,clip_vit_b32,3d74acf9a28c67741b2f4f2ea7635f0aaf6f0268,unfiltered,C3,C
6,7456,0.31469566,clip_vit_b32,3d74acf9a28c67741b2f4f2ea7635f0aaf6f0268,unfiltered,C3,C
7,48312,0.31399018,clip_vit_b32,3d74acf9a28c67741b2f4f2ea7635f0aaf6f0268,unfiltered,C3,C
8,1156,0.31372255,clip_vit_b32,3d74acf9a28c67741b2f4f2ea7635f0aaf6f0268,unfiltered,C3,C
9,15744,0.3130718,clip_vit_b32,3d74acf9a28c67741b2f4f2ea7635f0aaf6f0268,unfiltered,C3,C
10,40455,0.31281918,clip_vit_b32,3d74acf9a28c67741b2f4f2ea7635f0aaf6f0268,unfiltered,C3,C
11,9804,0.312723,clip_vit_b32,3d74acf9a28c67741b2f4f2ea7635f0aaf6f0268,unfiltered,C3,C
12,25986,0.31253,clip_vit_b32,3d74acf9a28c67741b2f4f2ea7635f0aaf6f0268,unfiltered,C3,C
13,34971,0.3118434,clip_vit_b32,3d74acf9a28c67741b2f4f2ea7635f0aaf6f0268,unfiltered,C3,C
14,36653,0.31126636,clip_vit_b32,3d74acf9a28c67741b2f4f2ea7635f0aaf6f0268,unfiltered,C3,C
15,38572,0.31054336,clip_vit_b32,3d74acf9a28c67741b2f4f2ea7635f0aaf6f0268,unfiltered,C3,C
16,30806,0.31035963,clip_vit_b32,3d74acf9a28c67741b2f4f2ea7635f0aaf6f0268,unfiltered,C3,C
17,6819,0.31001052,clip_vit_b32,3d74acf9a28c67741b2f4f2ea7635f0aaf6f0268,unfiltered,C3,C
18,29051,0.30977648,clip_vit_b32,3d74acf9a28c67741b2f4f2ea7635f0aaf6f0268,unfiltered,C3,C
19,47954,0.30954438,clip_vit_b32,3d74acf9a28c67741b2f4f2ea7635f0aaf6f0268,unfiltered,C3,C
20,27874,0.3095051,clip_vit_b32,3d74acf9a28c67741b2f4f2ea7635f0aaf6f0268,unfiltered,C3,C
1,43544,0.3293376,clip_vit_b32,3d74acf9a28c67741b2f4f2ea7635f0aaf6f0268,unfiltered,C4,C
2,28096,0.32878014,clip_vit_b32,3d74acf9a28c67741b2f4f2ea7635f0aaf6f0268,unfiltered,C4,C
3,43488,0.3256316,clip_vit_b32,3d74acf9a28c67741b2f4f2ea7635f0aaf6f0268,unfiltered,C4,C
4,34407,0.3244749,clip_vit_b32,3d74acf9a28c67741b2f4f2ea7635f0aaf6f0268,unfiltered,C4,C
5,41617,0.32428232,clip_vit_b32,3d74acf9a28c67741b2f4f2ea7635f0aaf6f0268,unfiltered,C4,C
6,36903,0.32243466,clip_vit_b32,3d74acf9a28c67741b2f4f2ea7635f0aaf6f0268,unfiltered,C4,C
7,44278,0.32045665,clip_vit_b32,3d74acf9a28c67741b2f4f2ea7635f0aaf6f0268,unfiltered,C4,C
8,21227,0.31746742,clip_vit_b32,3d74acf9a28c67741b2f4f2ea7635f0aaf6f0268,unfiltered,C4,C
9,13194,0.31740713,clip_vit_b32,3d74acf9a28c67741b2f4f2ea7635f0aaf6f0268,unfiltered,C4,C
10,42192,0.31681925,clip_vit_b32,3d74acf9a28c67741b2f4f2ea7635f0aaf6f0268,unfiltered,C4,C
11,42357,0.31658074,clip_vit_b32,3d74acf9a28c67741b2f4f2ea7635f0aaf6f0268,unfiltered,C4,C
12,9928,0.31656846,clip_vit_b32,3d74acf9a28c67741b2f4f2ea7635f0aaf6f0268,unfiltered,C4,C
13,45394,0.31609893,clip_vit_b32,3d74acf9a28c67741b2f4f2ea7635f0aaf6f0268,unfiltered,C4,C
14,38247,0.31603795,clip_vit_b32,3d74acf9a28c67741b2f4f2ea7635f0aaf6f0268,unfiltered,C4,C
15,6253,0.31590042,clip_vit_b32,3d74acf9a28c67741b2f4f2ea7635f0aaf6f0268,unfiltered,C4,C
16,47369,0.31526423,clip_vit_b32,3d74acf9a28c67741b2f4f2ea7635f0aaf6f0268,unfiltered,C4,C
17,30243,0.3152045,clip_vit_b32,3d74acf9a28c67741b2f4f2ea7635f0aaf6f0268,unfiltered,C4,C
18,42057,0.31471214,clip_vit_b32,3d74acf9a28c67741b2f4f2ea7635f0aaf6f0268,unfiltered,C4,C
19,35258,0.3145814,clip_vit_b32,3d74acf9a28c67741b2f4f2ea7635f0aaf6f0268,unfiltered,C4,C
20,7554,0.3143766,clip_vit_b32,3d74acf9a28c67741b2f4f2ea7635f0aaf6f0268,unfiltered,C4,C
1,38303,0.34992036,clip_vit_b32,3d74acf9a28c67741b2f4f2ea7635f0aaf6f0268,unfiltered,D1,D
2,35492,0.33751923,clip_vit_b32,3d74acf9a28c67741b2f4f2ea7635f0aaf6f0268,unfiltered,D1,D
3,35575,0.33569667,clip_vit_b32,3d74acf9a28c67741b2f4f2ea7635f0aaf6f0268,unfiltered,D1,D
4,44278,0.3351358,clip_vit_b32,3d74acf9a28c67741b2f4f2ea7635f0aaf6f0268,unfiltered,D1,D
5,35266,0.33489272,clip_vit_b32,3d74acf9a28c67741b2f4f2ea7635f0aaf6f0268,unfiltered,D1,D
6,27038,0.33324283,clip_vit_b32,3d74acf9a28c67741b2f4f2ea7635f0aaf6f0268,unfiltered,D1,D
7,31593,0.33151457,clip_vit_b32,3d74acf9a28c67741b2f4f2ea7635f0aaf6f0268,unfiltered,D1,D
8,34079,0.3314551,clip_vit_b32,3d74acf9a28c67741b2f4f2ea7635f0aaf6f0268,unfiltered,D1,D
9,25715,0.33100557,clip_vit_b32,3d74acf9a28c67741b2f4f2ea7635f0aaf6f0268,unfiltered,D1,D
10,46182,0.32785422,clip_vit_b32,3d74acf9a28c67741b2f4f2ea7635f0aaf6f0268,unfiltered,D1,D
11,29629,0.32604995,clip_vit_b32,3d74acf9a28c67741b2f4f2ea7635f0aaf6f0268,unfiltered,D1,D
12,38570,0.32575643,clip_vit_b32,3d74acf9a28c67741b2f4f2ea7635f0aaf6f0268,unfiltered,D1,D
13,42569,0.32524285,clip_vit_b32,3d74acf9a28c67741b2f4f2ea7635f0aaf6f0268,unfiltered,D1,D
14,34705,0.3245265,clip_vit_b32,3d74acf9a28c67741b2f4f2ea7635f0aaf6f0268,unfiltered,D1,D
15,45730,0.32452342,clip_vit_b32,3d74acf9a28c67741b2f4f2ea7635f0aaf6f0268,unfiltered,D1,D
16,29213,0.3225017,clip_vit_b32,3d74acf9a28c67741b2f4f2ea7635f0aaf6f0268,unfiltered,D1,D
17,48927,0.32106766,clip_vit_b32,3d74acf9a28c67741b2f4f2ea7635f0aaf6f0268,unfiltered,D1,D
18,46041,0.32020357,clip_vit_b32,3d74acf9a28c67741b2f4f2ea7635f0aaf6f0268,unfiltered,D1,D
19,39565,0.32015234,clip_vit_b32,3d74acf9a28c67741b2f4f2ea7635f0aaf6f0268,unfiltered,D1,D
20,33421,0.31890807,clip_vit_b32,3d74acf9a28c67741b2f4f2ea7635f0aaf6f0268,unfiltered,D1,D
1,30913,0.30795556,clip_vit_b32,3d74acf9a28c67741b2f4f2ea7635f0aaf6f0268,unfiltered,D2,D
2,38036,0.30728748,clip_vit_b32,3d74acf9a28c67741b2f4f2ea7635f0aaf6f0268,unfiltered,D2,D
3,29474,0.29944468,clip_vit_b32,3d74acf9a28c67741b2f4f2ea7635f0aaf6f0268,unfiltered,D2,D
4,44765,0.29729766,clip_vit_b32,3d74acf9a28c67741b2f4f2ea7635f0aaf6f0268,unfiltered,D2,D
5,11855,0.296347,clip_vit_b32,3d74acf9a28c67741b2f4f2ea7635f0aaf6f0268,unfiltered,D2,D
6,44984,0.29575482,clip_vit_b32,3d74acf9a28c67741b2f4f2ea7635f0aaf6f0268,unfiltered,D2,D
7,31699,0.29550835,clip_vit_b32,3d74acf9a28c67741b2f4f2ea7635f0aaf6f0268,unfiltered,D2,D
8,35572,0.2953365,clip_vit_b32,3d74acf9a28c67741b2f4f2ea7635f0aaf6f0268,unfiltered,D2,D
9,22974,0.2943425,clip_vit_b32,3d74acf9a28c67741b2f4f2ea7635f0aaf6f0268,unfiltered,D2,D
10,31531,0.29416436,clip_vit_b32,3d74acf9a28c67741b2f4f2ea7635f0aaf6f0268,unfiltered,D2,D
11,37613,0.2941475,clip_vit_b32,3d74acf9a28c67741b2f4f2ea7635f0aaf6f0268,unfiltered,D2,D
12,33736,0.29390484,clip_vit_b32,3d74acf9a28c67741b2f4f2ea7635f0aaf6f0268,unfiltered,D2,D
13,34475,0.29309234,clip_vit_b32,3d74acf9a28c67741b2f4f2ea7635f0aaf6f0268,unfiltered,D2,D
14,27487,0.2924812,clip_vit_b32,3d74acf9a28c67741b2f4f2ea7635f0aaf6f0268,unfiltered,D2,D
15,39522,0.2924108,clip_vit_b32,3d74acf9a28c67741b2f4f2ea7635f0aaf6f0268,unfiltered,D2,D
16,44877,0.29233518,clip_vit_b32,3d74acf9a28c67741b2f4f2ea7635f0aaf6f0268,unfiltered,D2,D
17,31410,0.2922422,clip_vit_b32,3d74acf9a28c67741b2f4f2ea7635f0aaf6f0268,unfiltered,D2,D
18,43773,0.2919104,clip_vit_b32,3d74acf9a28c67741b2f4f2ea7635f0aaf6f0268,unfiltered,D2,D
19,35478,0.29190457,clip_vit_b32,3d74acf9a28c67741b2f4f2ea7635f0aaf6f0268,unfiltered,D2,D
20,38982,0.2912517,clip_vit_b32,3d74acf9a28c67741b2f4f2ea7635f0aaf6f0268,unfiltered,D2,D
1,49395,0.31097317,clip_vit_b32,3d74acf9a28c67741b2f4f2ea7635f0aaf6f0268,unfiltered,D3,D
2,47501,0.30448303,clip_vit_b32,3d74acf9a28c67741b2f4f2ea7635f0aaf6f0268,unfiltered,D3,D
3,38571,0.30358425,clip_vit_b32,3d74acf9a28c67741b2f4f2ea7635f0aaf6f0268,unfiltered,D3,D
4,27982,0.30257744,clip_vit_b32,3d74acf9a28c67741b2f4f2ea7635f0aaf6f0268,unfiltered,D3,D
5,31010,0.30138582,clip_vit_b32,3d74acf9a28c67741b2f4f2ea7635f0aaf6f0268,unfiltered,D3,D
6,40787,0.30050406,clip_vit_b32,3d74acf9a28c67741b2f4f2ea7635f0aaf6f0268,unfiltered,D3,D
7,38600,0.29996344,clip_vit_b32,3d74acf9a28c67741b2f4f2ea7635f0aaf6f0268,unfiltered,D3,D
8,44550,0.29924273,clip_vit_b32,3d74acf9a28c67741b2f4f2ea7635f0aaf6f0268,unfiltered,D3,D
9,45142,0.29809195,clip_vit_b32,3d74acf9a28c67741b2f4f2ea7635f0aaf6f0268,unfiltered,D3,D
10,32730,0.29702052,clip_vit_b32,3d74acf9a28c67741b2f4f2ea7635f0aaf6f0268,unfiltered,D3,D
11,32898,0.2963023,clip_vit_b32,3d74acf9a28c67741b2f4f2ea7635f0aaf6f0268,unfiltered,D3,D
12,42980,0.2962487,clip_vit_b32,3d74acf9a28c67741b2f4f2ea7635f0aaf6f0268,unfiltered,D3,D
13,25553,0.29590467,clip_vit_b32,3d74acf9a28c67741b2f4f2ea7635f0aaf6f0268,unfiltered,D3,D
14,23838,0.29536527,clip_vit_b32,3d74acf9a28c67741b2f4f2ea7635f0aaf6f0268,unfiltered,D3,D
15,46430,0.2937661,clip_vit_b32,3d74acf9a28c67741b2f4f2ea7635f0aaf6f0268,unfiltered,D3,D
16,24680,0.29343525,clip_vit_b32,3d74acf9a28c67741b2f4f2ea7635f0aaf6f0268,unfiltered,D3,D
17,38257,0.29297906,clip_vit_b32,3d74acf9a28c67741b2f4f2ea7635f0aaf6f0268,unfiltered,D3,D
18,35780,0.29228848,clip_vit_b32,3d74acf9a28c67741b2f4f2ea7635f0aaf6f0268,unfiltered,D3,D
19,6655,0.29159698,clip_vit_b32,3d74acf9a28c67741b2f4f2ea7635f0aaf6f0268,unfiltered,D3,D
20,39276,0.29159015,clip_vit_b32,3d74acf9a28c67741b2f4f2ea7635f0aaf6f0268,unfiltered,D3,D
1,46191,0.3180862,clip_vit_b32,3d74acf9a28c67741b2f4f2ea7635f0aaf6f0268,unfiltered,D4,D
2,32882,0.31197736,clip_vit_b32,3d74acf9a28c67741b2f4f2ea7635f0aaf6f0268,unfiltered,D4,D
3,28199,0.31079218,clip_vit_b32,3d74acf9a28c67741b2f4f2ea7635f0aaf6f0268,unfiltered,D4,D
4,36316,0.3097014,clip_vit_b32,3d74acf9a28c67741b2f4f2ea7635f0aaf6f0268,unfiltered,D4,D
5,27559,0.3090305,clip_vit_b32,3d74acf9a28c67741b2f4f2ea7635f0aaf6f0268,unfiltered,D4,D
6,42551,0.30826774,clip_vit_b32,3d74acf9a28c67741b2f4f2ea7635f0aaf6f0268,unfiltered,D4,D
7,29461,0.30785936,clip_vit_b32,3d74acf9a28c67741b2f4f2ea7635f0aaf6f0268,unfiltered,D4,D
8,40785,0.30736208,clip_vit_b32,3d74acf9a28c67741b2f4f2ea7635f0aaf6f0268,unfiltered,D4,D
9,33804,0.30703318,clip_vit_b32,3d74acf9a28c67741b2f4f2ea7635f0aaf6f0268,unfiltered,D4,D
10,36525,0.30651417,clip_vit_b32,3d74acf9a28c67741b2f4f2ea7635f0aaf6f0268,unfiltered,D4,D
11,41724,0.30593398,clip_vit_b32,3d74acf9a28c67741b2f4f2ea7635f0aaf6f0268,unfiltered,D4,D
12,16828,0.30470985,clip_vit_b32,3d74acf9a28c67741b2f4f2ea7635f0aaf6f0268,unfiltered,D4,D
13,25715,0.30438498,clip_vit_b32,3d74acf9a28c67741b2f4f2ea7635f0aaf6f0268,unfiltered,D4,D
14,2947,0.3042497,clip_vit_b32,3d74acf9a28c67741b2f4f2ea7635f0aaf6f0268,unfiltered,D4,D
15,49231,0.30298975,clip_vit_b32,3d74acf9a28c67741b2f4f2ea7635f0aaf6f0268,unfiltered,D4,D
16,15862,0.30244082,clip_vit_b32,3d74acf9a28c67741b2f4f2ea7635f0aaf6f0268,unfiltered,D4,D
17,49415,0.3022787,clip_vit_b32,3d74acf9a28c67741b2f4f2ea7635f0aaf6f0268,unfiltered,D4,D
18,34637,0.30162796,clip_vit_b32,3d74acf9a28c67741b2f4f2ea7635f0aaf6f0268,unfiltered,D4,D
19,18079,0.30125436,clip_vit_b32,3d74acf9a28c67741b2f4f2ea7635f0aaf6f0268,unfiltered,D4,D
20,4695,0.30119523,clip_vit_b32,3d74acf9a28c67741b2f4f2ea7635f0aaf6f0268,unfiltered,D4,D
