query_id,query,judge_order,image_id,file_name,score,reason
A1,cardigan,1,31726,bbc7f2f067ccb2633ac6cef58eb987a2.jpg,2,Ralph Lauren Double R cardigan
A1,cardigan,2,35331,7cf1006e9b946a36ef55d16c35b4aa7a.jpg,2,Polo Ralph Lauren cardigan
A1,cardigan,3,38509,c1d137cff1488f8dcb0fc5d2a9dea56a.jpg,2,Knitted cardigan
A1,cardigan,4,40039,74afe9a47b5e5284eca84e3499bd3692.jpg,0,Wrong garment. More like a bomber.
A1,cardigan,5,32459,6cd2aa781ea6033b2be039ec87786942.jpg,0,Wrong garment. Coat.
A1,cardigan,6,34163,7b2b6c01fa56362f8c6b21ee13f04bcb.jpg,2,Button up cardigan sweater
A1,cardigan,7,44706,317a6a4c691b8cf096c3d18e0d80c26b.jpg,2,Polo Ralph Lauren cardigan
A1,cardigan,8,38894,46ef210c02ef6503f251428fed66ebb5.jpg,0,Wrong garment. Blazer.
A1,cardigan,9,33378,ea8179aa8bc0c82ee165d6cb7d544449.jpg,2,Knitted button up cardigan
A1,cardigan,10,38354,7368379967e68900e4576b7e4dafaad3.jpg,2,Diamond pattern cardigan
A1,cardigan,11,44241,983b1609e0254eb72214c459b566531d.jpg,2,Yellow knitted cardigan
A1,cardigan,12,14067,fb0ff67e08add19177c5cb3c62f806ae.jpg,1,"Knitted and buttoned in front, hard to see from this angle."
A1,cardigan,13,42462,94d23f0947b95e559e1847892fa82faa.jpg,2,Knitted cardigan
A1,cardigan,14,43798,90eb86ba1abb2f8d57039f229a039f68.jpg,2,Pattern cardigan
A1,cardigan,15,31890,47ce64a38773e80b6750451123da921c.jpg,2,Ralph Lauren Double R cardigan
A1,cardigan,16,9218,449f8c5ddc24936b5c6c65146afed545.jpg,0,"Wrong garment, knitted sweater."
A1,cardigan,17,30649,98b2f99ee157c3b17c3aee854eb49de0.jpg,2,Polo Ralph Lauren cardigan
A1,cardigan,18,25118,09ad578be5c4671658a23c5424e360f6.jpg,2,Knitted cardigan
A1,cardigan,19,35654,7f2ce4e000a95ef97ed0eb8dbe166c16.jpg,2,Knitted cardigan
A1,cardigan,20,43201,7cb8b5d1b22332d353ef9684e5d406dd.jpg,2,Polo Ralph Lauren cardigan
A2,jumpsuit,1,45785,b543e23560c341137eec6db5b9346108.jpg,2,Denim jumpsuit
A2,jumpsuit,2,44066,eb4bc31ffd7dc153c18c8e2bd2d00e08.jpg,2,"Jumpsuit, one connected piece with two colors/patterns"
A2,jumpsuit,3,11058,8139c8a1894285d20a39da83af41816e.jpg,2,Black polka dot jumpsuit
A2,jumpsuit,4,35335,14dce3946d9f2379dfd12c90ade1ada1.jpg,2,Jumpsuit with two colors/patterns
A2,jumpsuit,5,34684,0453d6bb322505ef9f649c927486ef78.jpg,2,"Gray denim overalls, categorized as a jumpsuit"
A2,jumpsuit,6,35266,b1e04379b40f583ba91293e062a81b71.jpg,0,Two disconnected garments
A2,jumpsuit,7,38562,431cee337c0d5f1cd4d185cf9aed0a8a.jpg,2,Black women's jumpsuit
A2,jumpsuit,8,32959,dd4f0bce51a15b37e6b6b9dcb4d4e356.jpg,0,Two disconnected garments
A2,jumpsuit,9,16873,203c5bf510942a65674090e763dc28da.jpg,0,Two disconnected garments
A2,jumpsuit,10,3534,0499253b7a9c5c0eff5abf80166b5063.jpg,2,Navy blue women's jumpsuit
A2,jumpsuit,11,17143,43b45fe50c209cd9eed4d29bcb90b6e3.jpg,2,Women's navy jumpsuit
A2,jumpsuit,12,44431,8ee576d5a066aa1b375fe82fd507f623.jpg,2,Women's yellow floral jumpsuit
A2,jumpsuit,13,39017,66e47ee52b169834fd8dab0531374fb5.jpg,0,"Wrong garment, denim dress"
A2,jumpsuit,14,40560,cf6d07fdc695ee835d06aaaedef650e5.jpg,1,"Women's purple romper, trousers not full length"
A2,jumpsuit,15,49296,5b4e77608a7b6cedfaea3b52d6001009.jpg,0,"Wrong garment, women's gray dress"
A2,jumpsuit,16,42849,362c2a9ac316da51f8a8d5f5d5bae411.jpg,1,"Romper, not full length trousers"
A2,jumpsuit,17,4287,b245b77ba0bd548dcd16dd2bec66d2f2.jpg,2,Red and white striped jumpsuit
A2,jumpsuit,18,30943,8a84c766064b5038449bbe1b9f881b37.jpg,2,Women's black jumpsuit
A3,shorts,1,32018,b57c93558d340c64eeb6bd46945d531f.jpg,2,Red patterned shorts
A3,shorts,2,43571,b60ceb8a4a320f209dfb7a463facae89.jpg,2,Denim shorts
A3,shorts,3,32090,69be1c1d636dad2300536d7204b67cb5.jpg,2,Gray cotton shorts
A3,shorts,4,7907,a9f2abad9eb50df6bab50294c974d2f2.jpg,2,Distressed denim shorts
A3,shorts,5,32161,cd9c6650156e6811808d136342f87b39.jpg,2,Distressed denim shorts
A3,shorts,6,33057,1f452c06939b4dd415d30dc5325790b4.jpg,2,Gray denim shorts
A3,shorts,7,26877,f67bf4bc54212530d56ac64cb7a519bb.jpg,2,Cotton shorts
A3,shorts,8,34126,b10d22253a4a6385524c4bf6ad909f0c.jpg,2,Track or exercise shorts
A3,shorts,9,49191,7269dfa33a25cc2b38053d9a2f526f51.jpg,2,Denim shorts
A3,shorts,10,37046,f4e7b715922c1d07a2f7501b722bb12e.jpg,2,Cotton shorts
A3,shorts,11,43274,fe3426affac15b0d797823a869eae0c1.jpg,2,Dyed denim shorts
A3,shorts,12,48883,ec27ca63aa2309ccb8fdac2a0e9bdc6f.jpg,2,Dyed denim shorts
A3,shorts,13,48369,bfac8d11a92adf4a55b2bddb89ea4976.jpg,2,Linen shorts
A3,shorts,14,24740,207745b42e2015af3f86326e0ed8c3bb.jpg,2,White denim shorts
A3,shorts,15,7588,8fa6f3991da834383ad8e7d1328f41a4.jpg,2,White cotton shorts
A3,shorts,16,42905,3eb0b9e815b30447a01d8aed37e6eebc.jpg,2,Denim shorts
A3,shorts,17,22146,a8b9ebf63b1d17e734e41054c97f0814.jpg,2,Floral pattern shorts
A3,shorts,18,44189,00793030df744f726d7978d88fcedc53.jpg,2,Plaid shorts
A3,shorts,19,24688,24bd76a9a1558b0cf51761d3cfcfe62b.jpg,2,Burgundy shorts
A4,scarf,1,1156,a260fae62c3a139913f647dec68de716.jpg,2,Burgundy scarf
A4,scarf,2,16957,d9b363d5c49e9f5d451ba0c79a5ed0de.jpg,2,Knitted scarf
A4,scarf,3,23913,db5b9db5a6a6cf657e7c3e59c60e66e3.jpg,2,Gray knitted scarf
A4,scarf,4,2007,4abb1159cc305b69fa3113a557d7e96e.jpg,2,Lime green scarf
A4,scarf,5,7091,2f7c4ae49fccb9a7a190fc60e7e43b46.jpg,2,Pink knitted scarf
A4,scarf,6,3234,d63968424016c929bc37539b48268cd4.jpg,2,Red knitted scarf
A4,scarf,7,134,318a3d3226154c6230d1875a5ff1277a.jpg,2,Pink scarf
A4,scarf,8,24520,dc29cd2c55e1cd024ea4545753bfad93.jpg,0,"Wrong garment, patchwork vest"
A4,scarf,9,46058,2f4d158452502e504e880f678e4e0513.jpg,2,Blue and white striped scarf
A4,scarf,10,7565,55eb9e4f7bc34e3944b8e6237ec6e9b0.jpg,2,Beige tribal patterned scarf
A4,scarf,11,49187,2812b687a12b41e8742694f2536c46f5.jpg,2,Sports scarf
A4,scarf,12,22626,42c8d12ca040e86abb849b8cae08f8f0.jpg,2,Knitted scarf
A4,scarf,13,46901,104b99dff6fcddb1cef594724d03f2db.jpg,2,Black knitted scarf
A4,scarf,14,25147,4077733a745d334775740bd4206bf361.jpg,2,Turquoise scarf
A4,scarf,15,8575,ce3ab93e4fd48294e81463f5e7a39837.jpg,0,"Wrong garment, knitted sleeveless turtle neck sweater"
A4,scarf,16,21717,32c74ac8e2c1d984e945d98bdcc23bb3.jpg,2,Black and white scarf
A4,scarf,17,3081,f45776fd9cff138a422bc299fda11907.jpg,2,Shawl scarf
A4,scarf,18,6025,d8eb776ed18b0a02af1e80f826697a52.jpg,2,Cotton scarf
A4,scarf,19,1904,950079ab6746a816f1e791211a5ebaaf.jpg,2,Knitted glitter scarf
A4,scarf,20,14067,fb0ff67e08add19177c5cb3c62f806ae.jpg,0,"Wrong garment, knitted sweater"
A5,umbrella,1,24125,0556dd69fa22ca23e438cb8ce944fcb8.jpg,2,Purple umbrella
A5,umbrella,2,18527,8dc9ae24169c3389d94680c813ad66dc.jpg,2,Clear umbrella
A5,umbrella,3,14091,f4c5398e983d6dfbcd78c81c8e379837.jpg,2,Clear umbrella
A5,umbrella,4,24139,7994074ecce5b2cc33422ffbceee6c48.jpg,2,Black umbrella
A5,umbrella,5,10138,be24a59585a624a274efa6414663116e.jpg,2,Yellow and white umbrella
A5,umbrella,6,8933,9d501c23010ed5ae3878662852d44e3e.jpg,2,"Two umbrellas, yellow and red"
A5,umbrella,7,8532,2a5f75af59bc56e7874aa7137f314542.jpg,2,Clear umbrella
A5,umbrella,8,15020,de535efc86390d2916e1cba06b8771a9.jpg,2,Black umbrella with white and red polka dots
A5,umbrella,9,23826,61a27b5f80ac4777f5a018e2a6b7c012.jpg,2,Clear umbrella
A5,umbrella,10,13295,fdeda1a5dd47924fed8469e018f18afc.jpg,2,Knitted umbrella
A5,umbrella,11,9499,544d3721d2834dc789f584cb77fdabb9.jpg,2,Clear umbrella
A5,umbrella,12,13161,bf2a37d16337e34e129e389fda781233.jpg,2,Clear umbrella
A5,umbrella,13,23231,3120b4cd4eff62fea7829cbadc435e52.jpg,2,"Purple umbrella, galaxy design"
A5,umbrella,14,45492,680d006aef5ea3951f9329f57f6c74a9.jpg,2,Black umbrella with white and red polka dots
A5,umbrella,15,21414,a370383a7378974d652c644408602533.jpg,2,Red umbrella
A5,umbrella,16,20903,ea79f94f4d16ef4adf679d6b1e66ded5.jpg,2,Clear umbrella
A5,umbrella,17,27080,71ca8d951c6e42e8ce8900cf96127bd5.jpg,2,Black umbrella
B1,sleeveless dress,1,42065,afdd42c1ff729c77fe9c767adbc45ffe.jpg,2,Black sleeveless dress
B1,sleeveless dress,2,39649,6fffb7b187962ffc890347f5282f9ddc.jpg,2,Black/navy sleeveless dress
B1,sleeveless dress,3,32443,2e45b00ea821d4a059e65e406a902fda.jpg,2,White sleeveless dress
B1,sleeveless dress,4,41975,111b981bff2b8d03f28295a61b3356ec.jpg,2,Black and white sleeveless dress
B1,sleeveless dress,5,49322,e9ae619d25c781cb877a34ba14099d8f.jpg,2,White sleeveless dress
B1,sleeveless dress,6,39287,9ac29be229bec130a118a4e48c7b5564.jpg,2,Black sleeveless dress
B1,sleeveless dress,7,28512,a2bc5c2e796a717b9bb034eba03b2d9d.jpg,2,Brown sleeveless dress
B1,sleeveless dress,8,38808,745532f20c634f83b1eeb37757a55b99.jpg,1,"Sleeveless dress, cuffs on arms can be considered a sleeve"
B1,sleeveless dress,9,36172,451dc0c8808fd3c8bcb75d93145f3c01.jpg,2,Black sleeveless dress
B1,sleeveless dress,10,45856,2bf3cdc79e6084ff2b59dcda01d852f3.jpg,2,Patterned sleeveless dress
B1,sleeveless dress,11,46385,d706f026f24985440548332405b9aff4.jpg,2,"White sleeveless dress with black, gray, and white strap around chest"
B1,sleeveless dress,12,33805,c4264518c97997c5c167b9b277cb2ba5.jpg,2,Red sleeveless dress
B1,sleeveless dress,13,31154,e3219386bfa78891d064223d4e25c3b4.jpg,2,"White sleeveless dress with black, gray, and white strap around chest"
B1,sleeveless dress,14,26110,fb2dbc3954bd76f80cc5b71f014b0e0a.jpg,2,Brown sleeveless dress
B1,sleeveless dress,15,27766,40b277e3918af59985bf230dbc717719.jpg,2,Black sleeveless dress
B1,sleeveless dress,16,7925,13f4f5c1fb1301b165beff8bdeb49710.jpg,2,Purple and black pleated sleeveless dress
B1,sleeveless dress,17,41345,e84ec1b07dc8525608c7ffc2a409d311.jpg,2,White sleeveless dress
B1,sleeveless dress,18,50179,67790bfad1f60a2b08ba051a4acd6e5e.jpg,2,Black sleeveless dress
B1,sleeveless dress,19,35807,22235c11684994eb4bcd2e44a2495e2d.jpg,2,Black and white sleeveless dress
B2,striped shirt,1,28014,88be1edcb414aab31581eafbfb325d19.jpg,2,White oxford shirt with olive and blue stripes
B2,striped shirt,2,37514,de831cadd9e5e80f434e14a62e3de086.jpg,2,"Red, white, yellow, and blue striped shirt"
B2,striped shirt,3,32518,b113c7c37eb5044295659b5d9e309df0.jpg,2,"White shirt with red, blue, and yellow vertical stripes"
B2,striped shirt,4,47363,f532a291cff7ba273fcfbd81e466147a.jpg,1,"White long sleeve shirt with black horizontal stripes, but has turtle neck"
B2,striped shirt,5,30124,5513a884d272decfbe838a16fd4f782f.jpg,2,"Black and white striped blouse, split in half with vertical and horizontal stripes"
B2,striped shirt,6,5270,381d011982568f75cef10825174c23a4.jpg,1,"Red and white striped t shirt, cropped at chest"
B2,striped shirt,7,50473,ace025a562b1ac07f5aebc84016019bf.jpg,2,Navy and white striped longsleeve shirt
B2,striped shirt,8,27624,e1ba88cf0953aae7f2262e870a85ce74.jpg,2,White shirt with navy stripes
B2,striped shirt,9,45121,e8e6850a330d57f3f52663b296d743f3.jpg,2,"White and blue horizontally striped shirt, with denim pockets"
B2,striped shirt,10,41588,8551a2b16d72db774a8f9b8e3a12f7f7.jpg,2,"White oxford shirt with red, blue, and yellow vertical stripes"
B2,striped shirt,11,27398,51896e98a4a8e159d52617892dde44bb.jpg,2,Red and white striped oxford shirt
B2,striped shirt,12,49280,5745f7d40e9f400e77137647e1a41fa7.jpg,2,White oxford shirt with vertical black stripes
B2,striped shirt,13,50138,75eb02ee253babe06b20cb5d5f4cdf08.jpg,2,Blue and white striped oxford shirt
B2,striped shirt,14,25128,5f29b08c51edc6ebc916618357877aea.jpg,0,"Wrong garment, pants are striped not top"
B2,striped shirt,15,32900,4a14866a4b7b945c899d0ae343c16bcb.jpg,2,"Polo Ralph Lauren lilac, green, red, and navy horizontally striped oxford shirt"
B2,striped shirt,16,25618,b4f9fe02bffe90e15bf34eba9cf83498.jpg,2,Black and white vertical striped shirt
B2,striped shirt,17,35965,f8d5f07a016f2767ac5f3346cc89f2ad.jpg,2,Polo Ralph Lauren multicolored striped shirt
B2,striped shirt,18,38223,46bb9d1474034488dbfdade654899397.jpg,2,"Black oxford shirt with red and white stripes, vertical and horizontal"
B2,striped shirt,19,45697,572442fcd9dcd7555d94cf6486394b33.jpg,2,Orange and white horizontally striped shirt
B2,striped shirt,20,34674,f2e14d14ba4aff91835052eff625465e.jpg,2,White shirt with black horizontal stripes
B2,striped shirt,21,29412,eb42c0aed5703165a58030f92210184c.jpg,2,Orange and blue horizontally striped shirt
B2,striped shirt,22,21388,d45559b8c051cca4b2f13ea35be32f8b.jpg,0,"Wrong garment, striped dress under a plaid shirt"
B2,striped shirt,23,47255,8f0591aac0bac046c5254448e566f9c4.jpg,2,Navy shirt with white horizontal stripes
B2,striped shirt,24,48096,811a439ae3dbd26ee11d0234a76d16ba.jpg,2,White and gray vertical striped oxford
B2,striped shirt,25,48868,ceff81c8304139a82f67a7c02f2ffd75.jpg,0,"Wrong garment, striped poncho or jacket"
B2,striped shirt,26,24858,6d42e60f7df22bb031a51c9be017632c.jpg,2,Black and white stripe shirt
B2,striped shirt,27,45242,c5a35e1cdf532f8f9552076e08e76649.jpg,2,Gold and white stripe shirt
B2,striped shirt,28,43896,34786b9867cffd76b9f0f2f799936e80.jpg,2,Red and white horizontal stripe longsleeve shirt
B2,striped shirt,29,14874,5d8429716345d7f777b0ca9ca3911dd9.jpg,2,Lauren by Ralph Lauren navy and white stripe shirt
B3,high waisted pants,1,24856,66624cfd21eccb21b2cd5142eff8bbd5.jpg,0,"Wrong garment, orange jumpsuit"
B3,high waisted pants,2,35266,b1e04379b40f583ba91293e062a81b71.jpg,2,Black high waisted pants
B3,high waisted pants,3,12951,75a87a724b91ae90d22f7046247998a4.jpg,1,"Pants, unsure if high waisted based on body proportions"
B3,high waisted pants,4,44271,856acd2f2cbe81d76e5a6119bc6e6501.jpg,0,Not high waisted pants
B3,high waisted pants,5,33355,f15441680578d5478ca4dd13a0ba0c27.jpg,2,High waisted denim
B3,high waisted pants,6,44566,f9ff2fac59cc9cdbbec95f1f9378d727.jpg,2,High waisted olive pants
B3,high waisted pants,7,32114,183b0ea2abf179bdfaf40a0046efd428.jpg,2,Black high waisted pants
B3,high waisted pants,8,7857,523aaa8b3e42b5e69c83bcdf3a6cfd25.jpg,2,High waisted pants
B3,high waisted pants,9,27443,45b371fbaf15dfd7e58c21e570df5f56.jpg,2,Black high waisted wide pants
B3,high waisted pants,10,48012,54c2401f78d83386c5020013f18b0b73.jpg,0,Not high waisted
B3,high waisted pants,11,14603,951d61b4963467323abd933a0d2b484a.jpg,2,High waisted red pants
B3,high waisted pants,12,34226,a4b2cb199aaf5741851b4fe239de8f71.jpg,0,Not high waisted
B3,high waisted pants,13,45279,c85b9879830629a512a1a2d08eac4501.jpg,0,Mid rise pants
B3,high waisted pants,14,49080,19808385da9b5da655e70c830da8d7eb.jpg,2,Black high waisted pants
B3,high waisted pants,15,41458,880cbac793c6a281ae05e91e6b954237.jpg,0,Low rise pants
B3,high waisted pants,16,35604,452ece96f03a95509aaaa6114ec69be3.jpg,2,Black high waisted pants
B3,high waisted pants,17,49767,1e86ce6690946fd17440626781b39151.jpg,0,Mid rise pants
B3,high waisted pants,18,49376,5cc9467feb5a09b36fba230f0d2420f6.jpg,2,High waisted pants
B3,high waisted pants,19,32211,cb9d72751174356fce4d5a1ff253af92.jpg,2,High waisted pants
B3,high waisted pants,20,46101,1e776139eabc335aaf49ad2cc3e077e6.jpg,0,Mid rise
B3,high waisted pants,21,19214,8fca83af5050b80b4298430be2c4feb5.jpg,0,Mid rise pants
B3,high waisted pants,22,43521,53b0833bbce3ca91615f919c813d15b7.jpg,0,Mid rise brown denim
B4,fur coat,1,49177,261a911072c04c5a972f1e83fd6e0973.jpg,2,Gray fur coat
B4,fur coat,2,26859,482a3c79e9b7e78ae70d8b56b4021918.jpg,2,Gray cropped fur coat
B4,fur coat,3,38506,d68bff9bc623268b12633dc8e243441c.jpg,0,"Wrong garment, cheetah print jacket"
B4,fur coat,4,37251,e2d4a937dbc0235aa22732166aa0e959.jpg,2,Gray fur coat
B4,fur coat,5,42716,162b7efe2df690a40e189162a2d17460.jpg,1,"Fur jacket, not coat"
B4,fur coat,6,19353,d4123c654cc662de1d3c80f3d9b6c776.jpg,2,Light brown fur coat
B4,fur coat,7,36305,fc97da54a988369cdc00dd513881e669.jpg,1,"Fur jacket, not coat"
B4,fur coat,8,32428,48dd285f07f0eac484e2fbdae2149e99.jpg,1,"Fur jacket, not coat"
B4,fur coat,9,38665,c9acfd4915b3d1da3ddf58f1cf5f190a.jpg,1,"Fur jacket, not coat"
B4,fur coat,10,29896,c5d9091f29cdd557a766594844cc39df.jpg,2,Fur
B4,fur coat,11,49312,d3be7b77a2df8d71cd1a00ae92f1eda6.jpg,0,"Wrong garment, fur vest or shawl"
B4,fur coat,12,40455,ea1f42c6e20979a40230b242e5d6bbee.jpg,0,"Wrong garment, fur vest or ponch or jacket"
B4,fur coat,13,3718,1d6fbcb92c04d50a88348af5f17c7da6.jpg,2,Light brown fur coat
B4,fur coat,14,45497,1e9c38474e9811b4e2677d0f65e8cff2.jpg,2,Black and brown fur coat
B4,fur coat,15,37289,6d273caa245ea45f90c28ea2c00c667e.jpg,2,Blue fur coat
B4,fur coat,16,36370,98f800d8b04d4ca5a04a0a32b51ea74b.jpg,1,"Fur jacket, not coat"
B4,fur coat,17,29311,73cd66e6d08544c09bf25ab8e78669d5.jpg,2,Light brown fur coat
B4,fur coat,18,23011,1288fd6baa5b8787837a1c3879cf684e.jpg,2,Brown fur coat
B4,fur coat,19,38612,69bfce32e14227301ceee8dc8572b995.jpg,1,"Fur jacket, not coat"
B4,fur coat,20,36386,8cda751741b6de33e3b5944d069b55b0.jpg,2,Brown fur coat
B4,fur coat,21,48815,0fb7ae08096207894839fe76e6bc0239.jpg,2,Brown fur coat
B4,fur coat,22,30448,4ce1dec55a9925faafcbc55d4372e851.jpg,1,"Fur jacket with fur trim on hood and pockets, not a coat"
B4,fur coat,23,31862,8c56d45c51d6c22857b599f1e091f56a.jpg,2,Black fur coat
B4,fur coat,24,3600,015cc201854287ea42b2a07e82450fd1.jpg,2,Black fur coat
B4,fur coat,25,41659,1a2209cc260988743905a802c7a1f4c4.jpg,1,"Fur jacket, not coat"
B5,floral print dress,1,43886,3b105532c877fe789b5014706449377a.jpg,2,Rose floral print dress
B5,floral print dress,2,10016,5d30a8655fa09e6468aac3ac90b45f72.jpg,2,"Floral print dress with red, purple, and white flowers"
B5,floral print dress,3,1412,edb4a948bcb2e85dc818eee80d6636ac.jpg,2,"Black floral print dress with red, pink, and white flowers"
B5,floral print dress,4,42862,7bd759982d86ef9b19339cbdba0335c4.jpg,0,Butterfly print
B5,floral print dress,5,31873,7ddca8dfc6e86b7c6935934261917cb3.jpg,1,"Embroidered, not print"
B5,floral print dress,6,10375,427bf0f0ba1256511ad996d7f47a171c.jpg,2,White dress with pink floral print
B5,floral print dress,7,25429,163e0799c49870e47280175c6b43bd67.jpg,2,Minimalist floral print
B5,floral print dress,8,44442,de56919609c90431ae29e930048f6fda.jpg,2,White dress with pink floral print
B5,floral print dress,9,34465,518d74bb5573853227933e82488eafa2.jpg,2,"Black dress with white, pink, and red floral print"
B5,floral print dress,10,29752,83ae12416eaeacdee2b0e1027462dfd0.jpg,2,Black dress with pink and red floral print
B5,floral print dress,11,16089,c01f7a160f003b6125f106fa7a75e76b.jpg,2,Pink dress with white floral print
B5,floral print dress,12,48921,8a5384daf18fb977654ce6b0a8a2b819.jpg,2,Red dress with white floral print
B5,floral print dress,13,37274,fee0c0d1d8c7647facba3b0b297d416c.jpg,2,Navy dress with pink floral print
B5,floral print dress,14,27856,fbad096378794f1c75ffabc7ae7d924a.jpg,2,White dress with red rose floral print
B5,floral print dress,15,40663,b8f118206843bee91f5dde63eba1b715.jpg,2,"Red, blue, and yellow floral print dress"
B5,floral print dress,16,31817,097d37a78a395cdc2bf65c65a6dee065.jpg,2,Pink rose floral print dress
B5,floral print dress,17,45381,2381651456ff2ed509bdbf35fe944b7b.jpg,2,Navy and pink floral print dress
B5,floral print dress,18,36229,014f39c986fde2fa1d052b00e59045a7.jpg,2,"Red, green, and blue floral print dress"
B6,distressed denim jeans,1,18149,84256c5a1c27bef4ee818b345ed221d2.jpg,2,Distressed slim denim
B6,distressed denim jeans,2,40895,8728152d332dee783de4f90e1afa65b9.jpg,2,Distressed slim denim
B6,distressed denim jeans,3,40943,41649fcb4f90e8f83883d89f709ea309.jpg,0,Denim not distressed
B6,distressed denim jeans,4,50248,829c6e86f46c50e025980b35ca1a61c3.jpg,2,Rips at knee
B6,distressed denim jeans,5,36023,034c62d61e61349d4d71455bd3f86d87.jpg,2,Rips at knee and lower leg
B6,distressed denim jeans,6,40154,d3b71546b93620c087a1f1e6fa540fb2.jpg,2,Distressing along thigh and knee area
B6,distressed denim jeans,7,462,d7488528146731bf31622abfb2e5d4ca.jpg,2,"Distressing throughout front of denim, from upper thigh to ankle"
B6,distressed denim jeans,8,11084,cc263b67a625aa962300da97bac130d0.jpg,2,Rips above knee area
B6,distressed denim jeans,9,4826,9a9f77a820c50c079166fd8a6b9218d0.jpg,2,Rips near knee area
B6,distressed denim jeans,10,31102,2ae820da2ddcf07cc5136063762cc5a7.jpg,2,Heavy fading
B6,distressed denim jeans,11,24177,777498237a6edc888bb788d11bf8b17b.jpg,2,Large distressing at knee and thigh area
B6,distressed denim jeans,12,26099,61580c0271e51581efc03ccf10b70381.jpg,2,"Distressing on left thigh area, repairs on right outer leg"
B6,distressed denim jeans,13,47458,75e5a7f18f40111423add95f8cbb3a65.jpg,2,Distressing on knee and thigh arera
B6,distressed denim jeans,14,27626,297205ea1e3adfddcd6a242f06373991.jpg,2,Rips from thigh area down to ankle
B6,distressed denim jeans,15,33355,f15441680578d5478ca4dd13a0ba0c27.jpg,2,Rips at knee and right thigh area
B6,distressed denim jeans,16,29345,01ded230c55dc3595765559b997bd879.jpg,2,Distressing below knee area and heavy fading near thigh area
B6,distressed denim jeans,17,31878,122627bbeb5242448418699de5fbd006.jpg,0,Clean denim and wash
B6,distressed denim jeans,18,26616,fc535c78b9a5abad3c66c760d00c3c5e.jpg,2,"Distressing at knee and thigh area, heavy fading throughout"
B7,baggy jeans,1,33355,f15441680578d5478ca4dd13a0ba0c27.jpg,0,Straight leg
B7,baggy jeans,2,48887,04ef0b1b6a5d27a86d29e3424476d31d.jpg,0,Not denim
B7,baggy jeans,3,30312,880c94a0e5952c2c95c94d783b3a52d1.jpg,2,Wide leg
B7,baggy jeans,4,45238,a63248ff73581c26e1e80c8ed17817ff.jpg,2,Wide leg
B7,baggy jeans,5,28146,0eec28de16aa4ed79be81e7973be3e78.jpg,2,Baggy cut
B7,baggy jeans,6,31463,0f0446f812193d8f3d0769e3bf3abc58.jpg,1,Fit unclear from pose
B7,baggy jeans,7,45907,65abe32f474fc4fa4e5403b96861bf01.jpg,0,Slim fit
B7,baggy jeans,8,29812,62241cbecd8569917e7267731ef7114e.jpg,0,Straight leg
B7,baggy jeans,9,48408,3dc126efc67cca954506afd41dde35f4.jpg,0,Straight leg
B7,baggy jeans,10,44848,9922573d2798025f2188a729132b61a4.jpg,2,Baggy cut
B7,baggy jeans,11,36592,9b97a457b71b458593d6e75cc5a6d0fe.jpg,0,Straight leg
B7,baggy jeans,12,31247,99984f957ed4be8540d0361ee0970ee7.jpg,2,Wide leg
B7,baggy jeans,13,39403,d93f3d88cf01c65034738fdc3ea938bd.jpg,0,Slim fit
B7,baggy jeans,14,40543,ed67f7e0d92830684684e04a05f1c724.jpg,2,Wide leg
B7,baggy jeans,15,50423,7e0f4d1bcfcda82c835c49ecb82e51e0.jpg,0,Straight leg
B7,baggy jeans,16,37422,505d83e8e970ecf1e72fdd4f4640d57a.jpg,0,Straight leg
B7,baggy jeans,17,29083,c4ccc43306a346b9bed9575574310a11.jpg,0,Slim fit
B7,baggy jeans,18,36150,3afbaf92abee634824a9e452e0576bd2.jpg,2,Wide leg
C1,skinny jeans and boots,1,38346,777621877921b6ecb571a39846e54715.jpg,2,Skinny jeans + boots
C1,skinny jeans and boots,2,27615,e0a47eba989f8b62ccec9efe1b00811e.jpg,2,Skinny jeans + boots
C1,skinny jeans and boots,3,28701,029547c9e2a746c49f2f5da422e3a5e7.jpg,1,"Skinny jeans, no boots"
C1,skinny jeans and boots,4,31809,cf75d1df38e00e5fedeeac39d7eba453.jpg,2,Skinny jeans + boots
C1,skinny jeans and boots,5,42100,87d45e7a747786f243db783c9dd7ff4a.jpg,1,"Skinny jeans, footwear unclear"
C1,skinny jeans and boots,6,37964,24464623533f8c4647927260d3b6be59.jpg,2,Skinny jeans + boots
C1,skinny jeans and boots,7,15266,c16a61696500183c76a3ac9a4e329c8b.jpg,2,Skinny jeans + boots
C1,skinny jeans and boots,8,21049,8477289a0ff464a4428b134bcab6fa8c.jpg,2,Skinny jeans + boots
C1,skinny jeans and boots,9,36346,f3bc994b4c6b3b685561c071616e99fd.jpg,2,Skinny jeans + boots
C1,skinny jeans and boots,10,25755,4dcf8213e9a6c26f2648ff6c9a265f21.jpg,1,"Skinny jeans, no boots"
C1,skinny jeans and boots,11,29538,6059fe75e768db46fea1b396b250a869.jpg,2,Skinny jeans + boots
C1,skinny jeans and boots,12,44964,cef0e51351a0877f046c74c0fe15d0b2.jpg,1,"Skinny jeans, no boots"
C1,skinny jeans and boots,13,5404,e3c19d1a9a4c30b44515fa02db60822f.jpg,1,"Skinny jeans, no boots"
C1,skinny jeans and boots,14,22038,fa12e820d99dfee123b402fb8b86d34a.jpg,1,"Skinny jeans, no boots"
C1,skinny jeans and boots,15,40943,41649fcb4f90e8f83883d89f709ea309.jpg,2,Skinny jeans + boots
C1,skinny jeans and boots,16,35198,0c01e99068e0047be6e88de0c3ecc7f2.jpg,2,Skinny jeans + boots
C1,skinny jeans and boots,17,14168,ea03f3cea1cba0b7e8aaebfa890c40b5.jpg,2,Skinny jeans + boots
C1,skinny jeans and boots,18,18149,84256c5a1c27bef4ee818b345ed221d2.jpg,2,Skinny jeans + boots
C1,skinny jeans and boots,19,13044,ebf6ff3880c9e73f13f9de3cc18e054e.jpg,0,Neither
C2,blazer over a white t-shirt,1,47769,279395568ff2ffe8502f5941025aa5fd.jpg,1,"Blazer, no top"
C2,blazer over a white t-shirt,2,20703,cc1fbb53b15392b245b6d9729ceaf7c0.jpg,2,Blazer + white tee
C2,blazer over a white t-shirt,3,7213,842f76683e799b685a5bf0b25b88a209.jpg,0,Neither
C2,blazer over a white t-shirt,4,46227,b8b8cf1430ed52047ce108f25700e81d.jpg,2,Blazer + white tee
C2,blazer over a white t-shirt,5,49557,7dd82046c7c49ed8f69da4d2e3f72522.jpg,1,"Blazer, no top"
C2,blazer over a white t-shirt,6,34224,6d9d0db1541d266faab31696d36aa9ea.jpg,2,Blazer + white tee
C2,blazer over a white t-shirt,7,14296,458babde4edb894567e9a429ac3d8276.jpg,1,"Blazer, no t-shirt"
C2,blazer over a white t-shirt,8,33970,cfe0462b55e23f914bf871ed8dfd1f5e.jpg,2,Blazer + white tee
C2,blazer over a white t-shirt,9,39668,24a69e7d89abaf41dd7af8d799ab6ad0.jpg,1,"Blazer, no t-shirt"
C2,blazer over a white t-shirt,10,40997,3bc9c487701f8e3a6c0837120b5a006f.jpg,2,Blazer + white tee
C2,blazer over a white t-shirt,11,14265,7f6ff3d8d7b22db27d447a01e2f665a4.jpg,1,"Blazer, no t-shirt"
C2,blazer over a white t-shirt,12,27290,a7e8d810039afcd8c7edb233a0b15a20.jpg,2,Blazer + white tee
C2,blazer over a white t-shirt,13,31699,7d8940437f2142de262cd39f7dd7d513.jpg,2,Blazer + white tee
C2,blazer over a white t-shirt,14,32377,efff8e59641ea155e47c1e4a7af20cf4.jpg,2,Blazer + white tee
C2,blazer over a white t-shirt,15,13359,8a98b83519806eec38ee340b13e5eb42.jpg,1,"White tee, no blazer"
C2,blazer over a white t-shirt,16,34054,981ce7bc97a385fa2657857e5720b2d7.jpg,1,"Blazer, no t-shirt"
C2,blazer over a white t-shirt,17,42057,dcc4541867c20b0b39918c5b5727a23c.jpg,1,"Blazer, no t-shirt"
C2,blazer over a white t-shirt,18,31082,5dabaea43017f87b7cdb1013efce9cf8.jpg,1,"Blazer, no t-shirt"
C2,blazer over a white t-shirt,19,22974,2ec79a7253d8d8acfa72422f18b71db0.jpg,1,"Blazer, no t-shirt"
C3,long coat with a scarf,1,45730,071a893113aead6f533c2e2fe66c3b80.jpg,1,"Scarf, coat too short"
C3,long coat with a scarf,2,48386,b6135ed92c5cb3c27baff83f01fd2d10.jpg,2,Long coat + scarf
C3,long coat with a scarf,3,34849,edcc8fe08f6782ce5eed1af1aa979e7d.jpg,1,"Scarf, coat too short"
C3,long coat with a scarf,4,15744,2694fbdc359d53dbeb0b4c214461b9a8.jpg,1,"Scarf, coat length unclear"
C3,long coat with a scarf,5,25048,adcec9fd66106ab5f318b5a81c525734.jpg,2,Long coat + scarf
C3,long coat with a scarf,6,27307,0e652f16585e1143424b3d7d5b0e6ecb.jpg,1,"Scarf, coat too short"
C3,long coat with a scarf,7,7456,9df11ce814dd73473b24683929f782ea.jpg,0,Neither
C3,long coat with a scarf,8,45093,d43897317da5208f68bc42efb71a2a82.jpg,1,"Scarf, coat too short"
C3,long coat with a scarf,9,13107,190c40c3b9992a3e142443daf1c19adb.jpg,1,"Long coat, no scarf"
C3,long coat with a scarf,10,1156,a260fae62c3a139913f647dec68de716.jpg,1,"Scarf, coat too short"
C3,long coat with a scarf,11,33723,55eb61424bd84cf0a172514893840973.jpg,1,"Scarf, coat too short"
C3,long coat with a scarf,12,8176,8f878f6573cf0c83c6020488fd0d2785.jpg,2,Long coat + scarf
C3,long coat with a scarf,13,19353,d4123c654cc662de1d3c80f3d9b6c776.jpg,0,Neither
C3,long coat with a scarf,14,48312,6ac1a22d5e6c4094575f30d55e018f39.jpg,0,Neither
C3,long coat with a scarf,15,40455,ea1f42c6e20979a40230b242e5d6bbee.jpg,0,Neither
C3,long coat with a scarf,16,3234,d63968424016c929bc37539b48268cd4.jpg,1,"Scarf, coat too short"
C3,long coat with a scarf,17,47258,88e6969fccc5f94521b0bdfc5f8ef135.jpg,0,Neither
C3,long coat with a scarf,18,45347,82feef810a933a7cb035b3ba37934deb.jpg,1,"Long coat, no scarf"
C3,long coat with a scarf,19,18205,200c085d7ac50557e06cd865364b141c.jpg,1,"Scarf, coat too short"
C4,oversized blazer,1,34407,190a3f2ce73f6744929662cde7476c09.jpg,0,Fitted blazer
C4,oversized blazer,2,33330,3110cb9f600b6665d973af973672c15b.jpg,0,Slightly large
C4,oversized blazer,3,7834,f7b81b4fa8e765d37744502f254ffcb5.jpg,0,No blazer
C4,oversized blazer,4,43544,c5ca5fe76b50cf005bf02ed763869dc4.jpg,0,Fitted blazer
C4,oversized blazer,5,42057,dcc4541867c20b0b39918c5b5727a23c.jpg,0,Slightly large
C4,oversized blazer,6,28096,1cdde437a187293119c7221f723acb68.jpg,0,No blazer
C4,oversized blazer,7,36903,4017dcd6923aec42a24b871843ded0bf.jpg,0,No blazer
C4,oversized blazer,8,44278,454e9800d9d986cca40a5c265233b454.jpg,1,Fit partly hidden
C4,oversized blazer,9,42192,84af14379f5afb589d85d3c5abec462f.jpg,0,Fitted blazer
C4,oversized blazer,10,41617,6c6eab7f7144272d1646941328801cd2.jpg,0,Fitted blazer
C4,oversized blazer,11,3978,7fdc46a02acc7f9bf969ee245a8e30a3.jpg,0,No blazer
C4,oversized blazer,12,36187,991a64e25748b25f6f1cd23ed369ba0a.jpg,1,Fit partly hidden
C4,oversized blazer,13,43488,7c7516a9890b5fc50f6b89eeb4e1e439.jpg,0,No blazer
C4,oversized blazer,14,13194,eb905d1b7fc7b0eac9adea12bee291bc.jpg,0,No blazer
C4,oversized blazer,15,21227,c14806c1e4c8133fffe948c4d45312f0.jpg,0,Fitted blazer
C4,oversized blazer,16,26037,502f498304e04c0839066ef949894bcf.jpg,0,Slightly large
C4,oversized blazer,17,46227,b8b8cf1430ed52047ce108f25700e81d.jpg,0,Fitted blazer
C4,oversized blazer,18,21769,cf45b999fc8f18403820d00347eb10ee.jpg,0,No blazer
C4,oversized blazer,19,37033,e1802d75ad9013336ea31961ef53d72b.jpg,0,No blazer
D1,monochrome black outfit,1,38303,2b943837613462e02b04debbbc4afb41.jpg,2,All black
D1,monochrome black outfit,2,45112,7653f4471c8bfd34aa4a64c5fd494fb4.jpg,2,All black
D1,monochrome black outfit,3,34705,bc365de0952a5e42a209d1c444f96eeb.jpg,2,All black
D1,monochrome black outfit,4,44278,454e9800d9d986cca40a5c265233b454.jpg,2,All black
D1,monochrome black outfit,5,25715,764f8ec8eb2a46305d767865c44c788c.jpg,0,Non-black garment
D1,monochrome black outfit,6,13858,389e04e1fe507e172c74daaa69932179.jpg,2,All black
D1,monochrome black outfit,7,47601,3b0f0b580ba8f9b8741ef19a79aebafa.jpg,2,All black
D1,monochrome black outfit,8,35266,b1e04379b40f583ba91293e062a81b71.jpg,2,All black
D1,monochrome black outfit,9,34079,a52f3a2a30a8e71727bf6c617f5a818c.jpg,0,Non-black garment
D1,monochrome black outfit,10,27038,62e3991a787cd6103d0c16ea506bd1c6.jpg,2,All black
D1,monochrome black outfit,11,46182,869797f2263312c746570ebc0adc99c8.jpg,2,All black
D1,monochrome black outfit,12,25863,4b6e883889c7251ec04cdf9882f73bd9.jpg,2,All black
D1,monochrome black outfit,13,35575,374b9416cd7ee178315e44676595245a.jpg,2,All black
D1,monochrome black outfit,14,35492,b30b1474eb891eebce04371df9c5c403.jpg,2,All black
D1,monochrome black outfit,15,17399,fbf71487b7b7f99f96a514f163e62106.jpg,2,All black
D1,monochrome black outfit,16,31593,6adda0a6b6abaec454c6e27e0d7ae77a.jpg,2,All black
D2,business casual office outfit,1,31531,399917e5d13f02af760edfa46bd22c9b.jpg,2,Business casual
D2,business casual office outfit,2,44984,1bbc10184d2f8c8a94fb3ebe8c5fb814.jpg,2,Business casual
D2,business casual office outfit,3,30913,861084108c398d5bf20b0ad0f45e47e1.jpg,2,Business casual
D2,business casual office outfit,4,35572,d85c36154cf921e1574c83f9efd98e8a.jpg,1,Half casual
D2,business casual office outfit,5,22974,2ec79a7253d8d8acfa72422f18b71db0.jpg,2,Business casual
D2,business casual office outfit,6,562,4def25c40bda95d531a15fa61bc6fd2d.jpg,2,Business casual
D2,business casual office outfit,7,29474,25277ff88fd4b57ab226ab41b33881fe.jpg,2,Office dress
D2,business casual office outfit,8,18972,7241fe9c25b2b31338984b3202c193dd.jpg,2,Office dress
D2,business casual office outfit,9,44742,fd1c2f484f74fb441a69804c3512ef6e.jpg,2,Business casual
D2,business casual office outfit,10,11855,5327f47355c4fdf1f02d5003abdef5a6.jpg,0,Wrong occasion
D2,business casual office outfit,11,38035,b26df29daa3b60aea637d4beecde1d44.jpg,2,Business casual
D2,business casual office outfit,12,42685,2c60c0c4b10a8e67546a03ae3d30a94b.jpg,2,Business casual
D2,business casual office outfit,13,38036,5e63ba8c2a7a639da3b203be6fca8dfb.jpg,1,Too short or revealing
D2,business casual office outfit,14,18387,80c5643037b39c18b1633357b78a82c4.jpg,2,Business casual
D2,business casual office outfit,15,34105,011afec5e443599a79261ece1a662043.jpg,2,Business casual
D2,business casual office outfit,16,31699,7d8940437f2142de262cd39f7dd7d513.jpg,2,Business casual
D2,business casual office outfit,17,44153,58f11dd276c8a94d0e91a2fa59bfc7d5.jpg,2,Business casual
D2,business casual office outfit,18,44765,da609dd28caf1d7c18806c5bab1d2fb4.jpg,2,Business casual
D2,business casual office outfit,19,28449,498b974e26138cea779f159cb2536484.jpg,2,Business casual
D3,something you would wear to the beach,1,17838,3ba53a435a8134537cb1b4cec45d0caa.jpg,2,Cover-up
D3,something you would wear to the beach,2,44550,7c48b29e6ee5b13c0c29877eac1f25b2.jpg,0,Not beachwear
D3,something you would wear to the beach,3,45402,290992da19f488f776ece7420bd96f5b.jpg,2,Summer dress
D3,something you would wear to the beach,4,40388,6351ea92b469be3bb94595cffc315e4f.jpg,2,Summer dress
D3,something you would wear to the beach,5,40752,60e1324f8d424df979115bdac4993c81.jpg,2,Swimwear
D3,something you would wear to the beach,6,45142,cc300e2d7fe16bcf4c2d567106344b00.jpg,1,"Summery, not beach"
D3,something you would wear to the beach,7,38571,309b35273883187d2ef2b63faeec976d.jpg,1,"Summery, not beach"
D3,something you would wear to the beach,8,47501,0f2128e32a78e74b665d273a84d96db3.jpg,2,Cover-up
D3,something you would wear to the beach,9,6691,df2b2f9f96ed2be0c6ed212679433add.jpg,2,Swimwear
D3,something you would wear to the beach,10,40787,ad492d48eba60cdae43495e5ea35b8b9.jpg,2,Swimwear
D3,something you would wear to the beach,11,31010,b22364b4a1b822d0b363c72cbd1b72fb.jpg,2,Summer dress
D3,something you would wear to the beach,12,49492,ef15d182ccbc104f852ef8a6f4af905b.jpg,2,Cover-up
D3,something you would wear to the beach,13,45685,d93b7b6f0be893ca0d6f6a700e7dd2ca.jpg,2,Swimwear
D3,something you would wear to the beach,14,32730,2e6ff96aaab78a59dd240c267a1a950e.jpg,1,"Summery, not beach"
D3,something you would wear to the beach,15,5946,0a2f5e47cb02a85f243b0cc2df23dff6.jpg,2,Cover-up
D3,something you would wear to the beach,16,49395,db83ecc2f7472351d1c994e4ccaeb981.jpg,1,"Summery, not beach"
D3,something you would wear to the beach,17,20346,22a2e52e4bc1c54975aaf988589feea6.jpg,2,Cover-up
D3,something you would wear to the beach,18,27982,99560abb03e487ad24bcd619d6125ffa.jpg,1,"Summery, not beach"
D3,something you would wear to the beach,19,24680,8643de9091a3818a462ddf24976a9e75.jpg,1,"Summery, not beach"
D3,something you would wear to the beach,20,38600,32356bc2db54869fa878bffb3fb6f4dc.jpg,1,Swim or lingerie unclear
D4,goth outfit,1,27559,00048c3a2fb9c29340473c4cfc06424a.jpg,0,Not black
D4,goth outfit,2,28505,48f1e0d6ce53d8a195db5f7e6208c93c.jpg,1,"Black, one signal"
D4,goth outfit,3,28980,60385bf0e785852082a67fe1fa97f726.jpg,2,"Goth: boots, elongated sleeveless dress, thin layering"
D4,goth outfit,4,36525,9f863efc9e5c206558aba7827081c6ce.jpg,2,"Goth: leather jacket, punk t-shirt, boots, thin black leggings"
D4,goth outfit,5,31346,8c75c22833651b5d86ca6c1c1df89763.jpg,0,"Black, other style"
D4,goth outfit,6,32882,a5202e0cd152379c0d22d70ca24192ee.jpg,0,Not predominantly black
D4,goth outfit,7,29461,bfdf8212f394f431678f03dd32dc95d2.jpg,1,"Black, one signal"
D4,goth outfit,8,36316,3ae06261d59c79094bf1ade598eaca6f.jpg,2,"Goth: Accessories, leather jacket, layering, skirt"
D4,goth outfit,9,42551,0d603e1b930e4360b15a742db25a619e.jpg,0,"Black, other style"
D4,goth outfit,10,25863,4b6e883889c7251ec04cdf9882f73bd9.jpg,2,"Goth: Leather jacket, layering, accessories, boots"
D4,goth outfit,11,7836,1b60689c9a8e4ae0b2f74bd70f33658a.jpg,2,"goth: Black, leather pieces, dyed hair, boots"
D4,goth outfit,12,47763,d9d0dccba6b7d1d20e0abf23db0ea86e.jpg,1,Outfit partly hidden
D4,goth outfit,13,33804,3236fe7d52131f5c036905f766c13fc2.jpg,1,"Black, one signal"
D4,goth outfit,14,28199,238c423e707bcdd7cc8f876eb6d6a081.jpg,2,"goth: Layering, all black, boots, leggings"
D4,goth outfit,15,46191,b92469f9f5121df17c42e3d31a5db21c.jpg,2,"goth: Accessories, patterned dress relies on texture"
D4,goth outfit,16,40785,6c633cf6034f1ce3ad815fe72c83ed1d.jpg,2,"goth: all black, jacket, leggings, boots,"
D4,goth outfit,17,32822,ed766fb9e828ead3d8dd03e4c90a4aa0.jpg,0,"Black, other style"
